validdate;t_2m:C;wind_speed_10m:kmh;relative_humidity_2m:p
1999-01-01T00:00:00Z;-25.5;15.1;79.8
1999-01-02T00:00:00Z;-25.9;16.0;79.7
1999-01-03T00:00:00Z;-21.8;36.3;77.5
1999-01-04T00:00:00Z;-19.2;25.5;79.5
1999-01-05T00:00:00Z;-21.8;18.9;81.1
1999-01-06T00:00:00Z;-25.3;10.7;82.9
1999-01-07T00:00:00Z;-27.8;9.4;82.7
1999-01-08T00:00:00Z;-28.5;15.8;76.8
1999-01-09T00:00:00Z;-28.1;19.9;76.3
1999-01-10T00:00:00Z;-26.4;23.9;77.4
1999-01-11T00:00:00Z;-22.9;16.6;81.6
1999-01-12T00:00:00Z;-27.8;13.9;81.1
1999-01-13T00:00:00Z;-25.4;6.3;78.2
1999-01-14T00:00:00Z;-25.8;23.6;76.3
1999-01-15T00:00:00Z;-24.0;29.5;79.8
1999-01-16T00:00:00Z;-22.2;27.3;78.5
1999-01-17T00:00:00Z;-21.6;21.5;79.2
1999-01-18T00:00:00Z;-20.4;6.5;76.8
1999-01-19T00:00:00Z;-24.3;11.1;81.3
1999-01-20T00:00:00Z;-26.6;25.4;73.8
1999-01-21T00:00:00Z;-28.3;35.7;73.8
1999-01-22T00:00:00Z;-30.1;20.3;75.3
1999-01-23T00:00:00Z;-30.8;13.6;75.7
1999-01-24T00:00:00Z;-21.7;35.2;79.2
1999-01-25T00:00:00Z;-20.9;48.8;75.7
1999-01-26T00:00:00Z;-27.9;34.7;72.5
1999-01-27T00:00:00Z;-29.4;20.8;75.2
1999-01-28T00:00:00Z;-30.4;20.4;76.5
1999-01-29T00:00:00Z;-28.9;24.8;78.5
1999-01-30T00:00:00Z;-30.9;6.3;55.5
1999-01-31T00:00:00Z;-33.4;7.4;70.4
1999-02-01T00:00:00Z;-29.4;29.0;71.5
1999-02-02T00:00:00Z;-27.0;46.2;76.6
1999-02-03T00:00:00Z;-26.9;38.5;76.8
1999-02-04T00:00:00Z;-29.7;22.9;75.6
1999-02-05T00:00:00Z;-30.5;13.4;75.8
1999-02-06T00:00:00Z;-30.6;12.1;77.2
1999-02-07T00:00:00Z;-30.6;4.3;78.9
1999-02-08T00:00:00Z;-29.2;9.3;73.6
1999-02-09T00:00:00Z;-30.3;24.1;75.5
1999-02-10T00:00:00Z;-33.9;16.5;73.1
1999-02-11T00:00:00Z;-33.5;11.6;77.5
1999-02-12T00:00:00Z;-29.9;26.2;74.9
1999-02-13T00:00:00Z;-24.1;20.8;76.7
1999-02-14T00:00:00Z;-25.7;8.8;80.5
1999-02-15T00:00:00Z;-25.3;27.8;78.2
1999-02-16T00:00:00Z;-23.6;41.0;79.6
1999-02-17T00:00:00Z;-18.7;30.1;83.2
1999-02-18T00:00:00Z;-15.4;24.6;87.1
1999-02-19T00:00:00Z;-16.5;20.9;86.4
1999-02-20T00:00:00Z;-21.6;5.4;80.2
1999-02-21T00:00:00Z;-19.4;12.3;82.8
1999-02-22T00:00:00Z;-20.4;12.6;80.7
1999-02-23T00:00:00Z;-22.6;19.0;78.5
1999-02-24T00:00:00Z;-21.0;25.9;80.8
1999-02-25T00:00:00Z;-21.7;30.8;79.8
1999-02-26T00:00:00Z;-22.6;31.1;77.0
1999-02-27T00:00:00Z;-24.9;26.7;77.1
1999-02-28T00:00:00Z;-26.4;15.1;77.2
1999-03-01T00:00:00Z;-26.7;7.5;77.2
1999-03-02T00:00:00Z;-25.5;14.5;78.2
1999-03-03T00:00:00Z;-23.1;12.0;77.6
1999-03-04T00:00:00Z;-25.7;8.0;78.9
1999-03-05T00:00:00Z;-24.7;20.4;78.1
1999-03-06T00:00:00Z;-20.9;18.5;82.0
1999-03-07T00:00:00Z;-25.7;9.5;78.6
1999-03-08T00:00:00Z;-26.3;18.3;76.4
1999-03-09T00:00:00Z;-27.0;8.2;71.8
1999-03-10T00:00:00Z;-28.9;12.0;75.4
1999-03-11T00:00:00Z;-28.9;13.4;74.2
1999-03-12T00:00:00Z;-28.6;15.0;76.3
1999-03-13T00:00:00Z;-23.6;23.6;77.5
1999-03-14T00:00:00Z;-22.6;12.9;73.6
1999-03-15T00:00:00Z;-21.6;11.9;76.1
1999-03-16T00:00:00Z;-18.8;7.2;83.6
1999-03-17T00:00:00Z;-19.3;9.4;82.8
1999-03-18T00:00:00Z;-19.9;13.1;74.8
1999-03-19T00:00:00Z;-20.5;14.6;80.8
1999-03-20T00:00:00Z;-19.0;12.4;81.6
1999-03-21T00:00:00Z;-22.1;18.4;80.8
1999-03-22T00:00:00Z;-19.8;21.5;81.1
1999-03-23T00:00:00Z;-20.7;31.4;77.6
1999-03-24T00:00:00Z;-19.6;42.7;78.4
1999-03-25T00:00:00Z;-22.0;49.7;76.5
1999-03-26T00:00:00Z;-23.9;44.7;74.5
1999-03-27T00:00:00Z;-25.8;34.7;71.7
1999-03-28T00:00:00Z;-26.7;23.8;72.0
1999-03-29T00:00:00Z;-26.9;21.9;71.9
1999-03-30T00:00:00Z;-25.0;19.5;75.2
1999-03-31T00:00:00Z;-25.1;20.0;74.2
1999-04-01T00:00:00Z;-24.7;23.8;76.1
1999-04-02T00:00:00Z;-23.7;30.2;77.9
1999-04-03T00:00:00Z;-23.3;14.2;77.5
1999-04-04T00:00:00Z;-22.8;5.4;76.9
1999-04-05T00:00:00Z;-20.8;9.9;76.4
1999-04-06T00:00:00Z;-19.0;31.7;81.9
1999-04-07T00:00:00Z;-15.9;19.9;80.0
1999-04-08T00:00:00Z;-16.8;12.1;79.5
1999-04-09T00:00:00Z;-20.2;19.3;77.2
1999-04-10T00:00:00Z;-22.5;21.7;75.6
1999-04-11T00:00:00Z;-22.9;29.4;76.2
1999-04-12T00:00:00Z;-23.3;28.8;74.9
1999-04-13T00:00:00Z;-23.6;11.8;75.2
1999-04-14T00:00:00Z;-23.1;8.4;72.8
1999-04-15T00:00:00Z;-23.2;9.3;75.1
1999-04-16T00:00:00Z;-22.5;29.3;75.8
1999-04-17T00:00:00Z;-19.0;32.7;78.1
1999-04-18T00:00:00Z;-14.3;37.2;84.8
1999-04-19T00:00:00Z;-10.5;22.5;86.0
1999-04-20T00:00:00Z;-15.1;15.9;74.9
1999-04-21T00:00:00Z;-16.3;20.6;73.4
1999-04-22T00:00:00Z;-17.2;9.5;72.8
1999-04-23T00:00:00Z;-18.0;11.6;74.2
1999-04-24T00:00:00Z;-17.9;11.5;73.5
1999-04-25T00:00:00Z;-18.0;9.6;76.8
1999-04-26T00:00:00Z;-18.8;16.1;76.6
1999-04-27T00:00:00Z;-17.6;10.2;71.0
1999-04-28T00:00:00Z;-17.6;6.3;71.4
1999-04-29T00:00:00Z;-16.9;22.9;78.8
1999-04-30T00:00:00Z;-15.3;42.8;80.3
1999-05-01T00:00:00Z;-9.7;45.5;87.5
1999-05-02T00:00:00Z;-7.6;39.0;88.6
1999-05-03T00:00:00Z;-13.0;34.5;84.0
1999-05-04T00:00:00Z;-12.0;30.8;77.9
1999-05-05T00:00:00Z;-12.2;27.1;75.8
1999-05-06T00:00:00Z;-8.9;37.2;84.7
1999-05-07T00:00:00Z;-6.3;42.1;75.5
1999-05-08T00:00:00Z;-8.2;38.0;82.7
1999-05-09T00:00:00Z;-7.9;24.7;85.7
1999-05-10T00:00:00Z;-5.3;13.8;88.6
1999-05-11T00:00:00Z;-4.5;24.4;89.9
1999-05-12T00:00:00Z;-3.6;34.8;92.9
1999-05-13T00:00:00Z;-3.7;32.0;90.7
1999-05-14T00:00:00Z;-0.5;16.5;95.0
1999-05-15T00:00:00Z;0.4;12.5;89.3
1999-05-16T00:00:00Z;-2.2;15.6;85.2
1999-05-17T00:00:00Z;-5.3;16.8;76.7
1999-05-18T00:00:00Z;-5.6;3.4;68.9
1999-05-19T00:00:00Z;-4.9;17.2;77.7
1999-05-20T00:00:00Z;-5.0;24.6;84.1
1999-05-21T00:00:00Z;-5.4;20.4;79.2
1999-05-22T00:00:00Z;-4.4;14.3;81.6
1999-05-23T00:00:00Z;-3.4;2.8;82.8
1999-05-24T00:00:00Z;-2.5;8.7;70.4
1999-05-25T00:00:00Z;-2.7;21.4;75.0
1999-05-26T00:00:00Z;-2.7;20.0;73.1
1999-05-27T00:00:00Z;-2.7;23.6;78.1
1999-05-28T00:00:00Z;-1.2;31.1;83.0
1999-05-29T00:00:00Z;0.4;21.8;85.1
1999-05-30T00:00:00Z;-0.0;5.2;85.7
1999-05-31T00:00:00Z;-0.8;17.5;86.3
1999-06-01T00:00:00Z;0.2;14.5;90.3
1999-06-02T00:00:00Z;0.2;17.5;83.6
1999-06-03T00:00:00Z;0.2;34.4;90.1
1999-06-04T00:00:00Z;1.3;27.9;92.9
1999-06-05T00:00:00Z;1.1;23.1;89.4
1999-06-06T00:00:00Z;0.9;15.3;80.7
1999-06-07T00:00:00Z;0.2;18.9;82.4
1999-06-08T00:00:00Z;0.4;7.4;73.2
1999-06-09T00:00:00Z;0.7;14.0;80.7
1999-06-10T00:00:00Z;0.9;25.3;82.7
1999-06-11T00:00:00Z;1.6;23.5;90.7
1999-06-12T00:00:00Z;2.7;16.9;92.7
1999-06-13T00:00:00Z;3.0;17.7;90.6
1999-06-14T00:00:00Z;2.7;9.0;94.8
1999-06-15T00:00:00Z;3.0;11.9;91.3
1999-06-16T00:00:00Z;2.5;5.8;94.9
1999-06-17T00:00:00Z;0.6;24.1;96.0
1999-06-18T00:00:00Z;1.1;36.4;90.6
1999-06-19T00:00:00Z;1.5;12.1;96.1
1999-06-20T00:00:00Z;1.3;19.8;92.6
1999-06-21T00:00:00Z;1.3;13.5;83.3
1999-06-22T00:00:00Z;1.6;18.0;78.6
1999-06-23T00:00:00Z;1.8;25.3;87.7
1999-06-24T00:00:00Z;1.0;14.3;89.3
1999-06-25T00:00:00Z;2.4;14.4;93.1
1999-06-26T00:00:00Z;2.6;11.0;93.6
1999-06-27T00:00:00Z;1.3;22.1;93.6
1999-06-28T00:00:00Z;1.5;18.2;92.3
1999-06-29T00:00:00Z;1.9;15.6;88.5
1999-06-30T00:00:00Z;2.0;17.1;88.5
1999-07-01T00:00:00Z;1.4;2.3;92.8
1999-07-02T00:00:00Z;2.8;17.8;94.6
1999-07-03T00:00:00Z;4.2;19.5;90.1
1999-07-04T00:00:00Z;3.0;17.7;94.9
1999-07-05T00:00:00Z;3.3;10.9;96.8
1999-07-06T00:00:00Z;2.9;20.4;96.9
1999-07-07T00:00:00Z;1.2;25.4;95.9
1999-07-08T00:00:00Z;2.0;4.4;94.6
1999-07-09T00:00:00Z;2.2;16.2;95.5
1999-07-10T00:00:00Z;1.4;12.1;97.1
1999-07-11T00:00:00Z;1.3;18.2;96.9
1999-07-12T00:00:00Z;1.3;18.1;88.2
1999-07-13T00:00:00Z;1.4;15.0;91.2
1999-07-14T00:00:00Z;1.3;10.3;90.4
1999-07-15T00:00:00Z;2.9;7.9;93.6
1999-07-16T00:00:00Z;3.6;26.3;86.1
1999-07-17T00:00:00Z;2.2;4.7;98.1
1999-07-18T00:00:00Z;1.8;20.6;99.6
1999-07-19T00:00:00Z;1.6;18.2;97.5
1999-07-20T00:00:00Z;-0.6;11.3;94.3
1999-07-21T00:00:00Z;1.3;31.6;90.7
1999-07-22T00:00:00Z;2.2;22.7;94.5
1999-07-23T00:00:00Z;0.8;15.0;91.0
1999-07-24T00:00:00Z;0.3;21.1;89.8
1999-07-25T00:00:00Z;1.1;12.1;95.5
1999-07-26T00:00:00Z;1.3;13.9;90.8
1999-07-27T00:00:00Z;0.6;23.1;91.4
1999-07-28T00:00:00Z;1.0;20.9;88.3
1999-07-29T00:00:00Z;0.8;13.8;94.1
1999-07-30T00:00:00Z;1.4;30.6;98.6
1999-07-31T00:00:00Z;1.3;32.4;98.8
1999-08-01T00:00:00Z;1.1;22.3;99.5
1999-08-02T00:00:00Z;3.8;18.1;94.1
1999-08-03T00:00:00Z;2.9;17.4;96.5
1999-08-04T00:00:00Z;1.7;18.4;98.9
1999-08-05T00:00:00Z;2.2;34.0;95.6
1999-08-06T00:00:00Z;2.4;17.1;98.0
1999-08-07T00:00:00Z;3.3;31.8;93.1
1999-08-08T00:00:00Z;2.8;35.5;90.6
1999-08-09T00:00:00Z;2.7;45.7;86.6
1999-08-10T00:00:00Z;2.9;35.1;86.9
1999-08-11T00:00:00Z;2.0;27.9;92.9
1999-08-12T00:00:00Z;1.3;11.3;97.3
1999-08-13T00:00:00Z;0.9;11.6;97.8
1999-08-14T00:00:00Z;0.6;0.8;95.8
1999-08-15T00:00:00Z;1.3;7.3;95.7
1999-08-16T00:00:00Z;0.9;10.1;98.0
1999-08-17T00:00:00Z;1.3;8.7;98.3
1999-08-18T00:00:00Z;0.8;23.9;96.4
1999-08-19T00:00:00Z;0.1;23.5;93.1
1999-08-20T00:00:00Z;-0.2;33.6;84.7
1999-08-21T00:00:00Z;-0.2;42.1;90.2
1999-08-22T00:00:00Z;1.5;39.6;86.5
1999-08-23T00:00:00Z;0.7;38.7;89.9
1999-08-24T00:00:00Z;0.4;37.3;88.8
1999-08-25T00:00:00Z;-2.2;19.5;88.9
1999-08-26T00:00:00Z;0.1;15.8;89.0
1999-08-27T00:00:00Z;0.9;26.9;94.5
1999-08-28T00:00:00Z;-0.1;23.1;80.1
1999-08-29T00:00:00Z;-0.7;8.8;86.2
1999-08-30T00:00:00Z;-1.0;7.7;85.2
1999-08-31T00:00:00Z;-0.7;19.6;82.5
1999-09-01T00:00:00Z;1.1;27.8;95.0
1999-09-02T00:00:00Z;-0.2;9.2;96.1
1999-09-03T00:00:00Z;0.6;25.9;94.2
1999-09-04T00:00:00Z;-0.1;14.6;95.9
1999-09-05T00:00:00Z;-0.2;21.0;94.9
1999-09-06T00:00:00Z;-0.9;10.9;89.8
1999-09-07T00:00:00Z;-0.0;32.0;94.3
1999-09-08T00:00:00Z;-0.1;16.1;95.6
1999-09-09T00:00:00Z;-1.5;6.9;74.4
1999-09-10T00:00:00Z;-0.1;24.7;89.1
1999-09-11T00:00:00Z;-0.2;7.1;95.3
1999-09-12T00:00:00Z;-0.5;23.2;91.4
1999-09-13T00:00:00Z;-0.4;33.5;89.8
1999-09-14T00:00:00Z;-1.3;21.6;85.9
1999-09-15T00:00:00Z;-2.1;23.8;83.9
1999-09-16T00:00:00Z;-0.2;36.5;88.1
1999-09-17T00:00:00Z;0.4;23.8;93.5
1999-09-18T00:00:00Z;-0.1;6.3;95.1
1999-09-19T00:00:00Z;-2.1;23.9;92.5
1999-09-20T00:00:00Z;-3.7;5.5;86.6
1999-09-21T00:00:00Z;-1.2;20.1;92.0
1999-09-22T00:00:00Z;-1.6;8.8;79.1
1999-09-23T00:00:00Z;-0.1;24.5;96.2
1999-09-24T00:00:00Z;-0.3;20.5;95.3
1999-09-25T00:00:00Z;-1.2;22.6;91.3
1999-09-26T00:00:00Z;-1.4;9.5;78.8
1999-09-27T00:00:00Z;-4.2;23.7;81.4
1999-09-28T00:00:00Z;-5.4;28.6;72.7
1999-09-29T00:00:00Z;-4.9;22.0;71.1
1999-09-30T00:00:00Z;-2.3;19.0;70.2
1999-10-01T00:00:00Z;-3.4;2.0;64.9
1999-10-02T00:00:00Z;-4.4;22.2;80.0
1999-10-03T00:00:00Z;-5.5;36.4;78.5
1999-10-04T00:00:00Z;-9.0;28.9;78.7
1999-10-05T00:00:00Z;-10.8;30.8;87.2
1999-10-06T00:00:00Z;-10.8;42.0;85.4
1999-10-07T00:00:00Z;-9.6;48.8;83.0
1999-10-08T00:00:00Z;-9.7;44.1;85.6
1999-10-09T00:00:00Z;-10.9;36.8;83.1
1999-10-10T00:00:00Z;-11.9;26.9;74.8
1999-10-11T00:00:00Z;-14.3;24.4;81.2
1999-10-12T00:00:00Z;-15.1;23.4;79.0
1999-10-13T00:00:00Z;-15.9;19.8;82.3
1999-10-14T00:00:00Z;-17.2;17.9;81.9
1999-10-15T00:00:00Z;-17.8;17.8;76.4
1999-10-16T00:00:00Z;-17.2;9.8;75.4
1999-10-17T00:00:00Z;-15.7;5.3;72.7
1999-10-18T00:00:00Z;-17.7;11.7;84.9
1999-10-19T00:00:00Z;-18.0;5.4;84.2
1999-10-20T00:00:00Z;-19.5;6.5;83.2
1999-10-21T00:00:00Z;-14.6;8.8;89.2
1999-10-22T00:00:00Z;-13.4;14.3;87.1
1999-10-23T00:00:00Z;-16.7;14.3;85.6
1999-10-24T00:00:00Z;-18.1;25.6;83.6
1999-10-25T00:00:00Z;-15.5;25.4;84.0
1999-10-26T00:00:00Z;-14.7;17.0;90.8
1999-10-27T00:00:00Z;-13.8;18.9;88.1
1999-10-28T00:00:00Z;-11.7;17.8;90.5
1999-10-29T00:00:00Z;-12.6;13.1;89.5
1999-10-30T00:00:00Z;-12.5;33.0;86.1
1999-10-31T00:00:00Z;-16.4;41.8;81.1
1999-11-01T00:00:00Z;-21.9;22.7;79.0
1999-11-02T00:00:00Z;-23.1;9.2;76.6
1999-11-03T00:00:00Z;-21.8;4.0;71.8
1999-11-04T00:00:00Z;-24.4;9.3;75.5
1999-11-05T00:00:00Z;-27.2;12.9;77.6
1999-11-06T00:00:00Z;-23.2;17.5;81.5
1999-11-07T00:00:00Z;-21.8;30.3;80.8
1999-11-08T00:00:00Z;-14.7;26.0;87.7
1999-11-09T00:00:00Z;-17.8;35.6;77.7
1999-11-10T00:00:00Z;-21.7;27.8;77.3
1999-11-11T00:00:00Z;-22.5;13.5;77.2
1999-11-12T00:00:00Z;-25.6;14.7;78.8
1999-11-13T00:00:00Z;-24.2;16.6;80.4
1999-11-14T00:00:00Z;-23.9;21.7;79.7
1999-11-15T00:00:00Z;-25.1;9.6;79.0
1999-11-16T00:00:00Z;-23.5;16.7;79.5
1999-11-17T00:00:00Z;-20.4;34.6;78.1
1999-11-18T00:00:00Z;-15.4;53.9;75.7
1999-11-19T00:00:00Z;-14.3;36.0;85.9
1999-11-20T00:00:00Z;-13.6;26.4;87.7
1999-11-21T00:00:00Z;-14.5;21.5;82.2
1999-11-22T00:00:00Z;-15.1;22.9;84.2
1999-11-23T00:00:00Z;-14.5;15.6;80.1
1999-11-24T00:00:00Z;-14.8;11.8;85.1
1999-11-25T00:00:00Z;-18.0;7.9;80.9
1999-11-26T00:00:00Z;-16.1;16.2;81.1
1999-11-27T00:00:00Z;-15.6;11.9;85.0
1999-11-28T00:00:00Z;-17.4;9.1;85.8
1999-11-29T00:00:00Z;-21.9;22.1;79.9
1999-11-30T00:00:00Z;-24.5;24.8;79.0
1999-12-01T00:00:00Z;-24.0;28.8;79.5
1999-12-02T00:00:00Z;-24.7;25.5;78.8
1999-12-03T00:00:00Z;-26.9;31.0;77.1
1999-12-04T00:00:00Z;-27.5;32.5;76.7
1999-12-05T00:00:00Z;-25.9;36.3;77.5
1999-12-06T00:00:00Z;-27.4;28.9;76.8
1999-12-07T00:00:00Z;-29.2;23.7;75.8
1999-12-08T00:00:00Z;-29.5;19.4;75.7
1999-12-09T00:00:00Z;-27.8;21.6;76.5
1999-12-10T00:00:00Z;-26.6;27.8;77.2
1999-12-11T00:00:00Z;-22.6;17.6;77.5
1999-12-12T00:00:00Z;-24.2;25.8;77.7
1999-12-13T00:00:00Z;-26.5;23.8;77.9
1999-12-14T00:00:00Z;-27.8;21.4;77.0
1999-12-15T00:00:00Z;-29.0;9.4;77.2
1999-12-16T00:00:00Z;-30.6;21.4;75.2
1999-12-17T00:00:00Z;-31.3;17.1;74.8
1999-12-18T00:00:00Z;-32.3;11.0;73.9
1999-12-19T00:00:00Z;-32.6;10.8;74.0
1999-12-20T00:00:00Z;-31.1;31.2;74.6
1999-12-21T00:00:00Z;-22.4;33.3;80.3
1999-12-22T00:00:00Z;-23.5;24.1;80.4
1999-12-23T00:00:00Z;-23.9;21.4;78.5
1999-12-24T00:00:00Z;-22.0;22.3;76.9
1999-12-25T00:00:00Z;-26.4;25.8;79.2
1999-12-26T00:00:00Z;-25.5;12.0;80.6
1999-12-27T00:00:00Z;-26.7;10.7;76.9
1999-12-28T00:00:00Z;-28.6;10.3;76.4
1999-12-29T00:00:00Z;-31.6;19.6;74.5
1999-12-30T00:00:00Z;-25.7;48.5;75.4
1999-12-31T00:00:00Z;-22.8;46.9;77.2
2000-01-01T00:00:00Z;-22.8;48.2;78.3
2000-01-02T00:00:00Z;-22.3;29.0;80.2
2000-01-03T00:00:00Z;-21.7;19.2;82.1
2000-01-04T00:00:00Z;-22.3;12.9;76.6
2000-01-05T00:00:00Z;-21.2;10.4;81.4
2000-01-06T00:00:00Z;-21.8;11.7;81.8
2000-01-07T00:00:00Z;-20.4;13.3;87.3
2000-01-08T00:00:00Z;-23.2;18.6;82.7
2000-01-09T00:00:00Z;-16.7;22.3;85.5
2000-01-10T00:00:00Z;-18.1;13.5;84.6
2000-01-11T00:00:00Z;-19.4;18.5;83.1
2000-01-12T00:00:00Z;-21.1;16.2;80.9
2000-01-13T00:00:00Z;-25.4;8.2;77.9
2000-01-14T00:00:00Z;-23.5;37.3;78.8
2000-01-15T00:00:00Z;-19.5;44.1;74.8
2000-01-16T00:00:00Z;-22.7;47.6;72.0
2000-01-17T00:00:00Z;-26.0;30.2;72.9
2000-01-18T00:00:00Z;-28.1;16.3;74.6
2000-01-19T00:00:00Z;-29.0;13.6;74.5
2000-01-20T00:00:00Z;-25.2;26.5;77.2
2000-01-21T00:00:00Z;-29.1;18.9;75.6
2000-01-22T00:00:00Z;-31.6;30.7;73.9
2000-01-23T00:00:00Z;-29.1;28.7;75.6
2000-01-24T00:00:00Z;-28.1;46.7;75.5
2000-01-25T00:00:00Z;-21.4;39.9;80.8
2000-01-26T00:00:00Z;-24.9;3.8;74.6
2000-01-27T00:00:00Z;-19.4;13.0;83.6
2000-01-28T00:00:00Z;-20.8;33.4;81.6
2000-01-29T00:00:00Z;-22.9;19.1;79.5
2000-01-30T00:00:00Z;-25.6;5.9;77.4
2000-01-31T00:00:00Z;-22.9;14.3;80.2
2000-02-01T00:00:00Z;-26.6;18.1;76.5
2000-02-02T00:00:00Z;-27.9;15.3;76.3
2000-02-03T00:00:00Z;-30.1;12.3;79.1
2000-02-04T00:00:00Z;-28.7;15.6;76.7
2000-02-05T00:00:00Z;-24.1;35.2;78.2
2000-02-06T00:00:00Z;-23.7;22.5;77.5
2000-02-07T00:00:00Z;-23.8;14.3;79.5
2000-02-08T00:00:00Z;-26.9;14.3;77.9
2000-02-09T00:00:00Z;-26.4;14.0;78.5
2000-02-10T00:00:00Z;-25.5;18.9;78.6
2000-02-11T00:00:00Z;-21.8;20.4;81.7
2000-02-12T00:00:00Z;-17.2;5.6;84.7
2000-02-13T00:00:00Z;-22.7;23.7;77.9
2000-02-14T00:00:00Z;-24.9;22.8;79.0
2000-02-15T00:00:00Z;-24.4;17.6;79.8
2000-02-16T00:00:00Z;-22.9;9.1;76.8
2000-02-17T00:00:00Z;-21.9;11.5;79.0
2000-02-18T00:00:00Z;-27.3;26.9;77.0
2000-02-19T00:00:00Z;-28.8;28.5;76.0
2000-02-20T00:00:00Z;-28.5;31.5;76.0
2000-02-21T00:00:00Z;-29.1;27.0;75.6
2000-02-22T00:00:00Z;-31.3;21.2;74.3
2000-02-23T00:00:00Z;-29.2;6.9;76.2
2000-02-24T00:00:00Z;-26.1;28.0;76.1
2000-02-25T00:00:00Z;-26.5;29.4;76.9
2000-02-26T00:00:00Z;-28.1;21.6;76.4
2000-02-27T00:00:00Z;-28.6;17.9;76.3
2000-02-28T00:00:00Z;-29.6;11.6;75.6
2000-02-29T00:00:00Z;-30.1;12.3;75.5
2000-03-01T00:00:00Z;-30.3;20.3;75.2
2000-03-02T00:00:00Z;-27.7;21.1;76.8
2000-03-03T00:00:00Z;-24.9;31.7;78.6
2000-03-04T00:00:00Z;-26.7;31.1;77.0
2000-03-05T00:00:00Z;-29.7;26.2;75.2
2000-03-06T00:00:00Z;-26.7;30.0;77.2
2000-03-07T00:00:00Z;-24.4;32.5;78.9
2000-03-08T00:00:00Z;-24.3;34.8;78.9
2000-03-09T00:00:00Z;-24.9;38.8;78.4
2000-03-10T00:00:00Z;-23.9;34.7;79.2
2000-03-11T00:00:00Z;-22.4;30.1;77.0
2000-03-12T00:00:00Z;-21.0;26.1;73.5
2000-03-13T00:00:00Z;-23.9;22.7;76.3
2000-03-14T00:00:00Z;-25.5;25.2;77.9
2000-03-15T00:00:00Z;-24.5;32.6;78.6
2000-03-16T00:00:00Z;-22.8;40.8;79.7
2000-03-17T00:00:00Z;-23.0;23.5;78.8
2000-03-18T00:00:00Z;-20.4;8.8;80.1
2000-03-19T00:00:00Z;-21.5;19.2;73.8
2000-03-20T00:00:00Z;-20.6;22.3;79.5
2000-03-21T00:00:00Z;-23.3;9.0;74.7
2000-03-22T00:00:00Z;-23.6;8.4;71.7
2000-03-23T00:00:00Z;-23.4;17.1;71.6
2000-03-24T00:00:00Z;-26.2;17.3;74.5
2000-03-25T00:00:00Z;-27.7;9.2;75.4
2000-03-26T00:00:00Z;-26.6;19.9;76.6
2000-03-27T00:00:00Z;-25.3;31.7;76.1
2000-03-28T00:00:00Z;-24.2;39.7;76.9
2000-03-29T00:00:00Z;-23.8;34.7;77.7
2000-03-30T00:00:00Z;-23.5;34.3;76.7
2000-03-31T00:00:00Z;-20.2;27.6;80.4
2000-04-01T00:00:00Z;-18.4;9.5;80.0
2000-04-02T00:00:00Z;-17.6;9.6;83.7
2000-04-03T00:00:00Z;-20.5;24.5;74.9
2000-04-04T00:00:00Z;-23.1;17.6;76.0
2000-04-05T00:00:00Z;-22.6;13.6;77.6
2000-04-06T00:00:00Z;-21.4;5.5;79.6
2000-04-07T00:00:00Z;-19.4;19.0;81.6
2000-04-08T00:00:00Z;-16.0;27.4;76.2
2000-04-09T00:00:00Z;-19.4;20.9;76.8
2000-04-10T00:00:00Z;-20.1;15.7;74.7
2000-04-11T00:00:00Z;-19.5;21.7;77.8
2000-04-12T00:00:00Z;-16.3;29.1;76.9
2000-04-13T00:00:00Z;-12.5;26.3;79.5
2000-04-14T00:00:00Z;-13.8;13.8;80.9
2000-04-15T00:00:00Z;-9.9;37.3;84.5
2000-04-16T00:00:00Z;-10.9;26.8;82.2
2000-04-17T00:00:00Z;-12.2;26.9;82.1
2000-04-18T00:00:00Z;-15.1;12.3;74.2
2000-04-19T00:00:00Z;-16.0;29.1;71.9
2000-04-20T00:00:00Z;-18.4;38.8;71.4
2000-04-21T00:00:00Z;-18.9;42.1;75.6
2000-04-22T00:00:00Z;-18.7;43.7;76.0
2000-04-23T00:00:00Z;-17.7;24.9;77.3
2000-04-24T00:00:00Z;-15.7;8.4;77.9
2000-04-25T00:00:00Z;-13.5;7.5;80.6
2000-04-26T00:00:00Z;-11.7;11.4;74.4
2000-04-27T00:00:00Z;-10.9;14.5;72.9
2000-04-28T00:00:00Z;-11.2;18.2;75.3
2000-04-29T00:00:00Z;-10.6;14.3;75.1
2000-04-30T00:00:00Z;-9.6;31.7;83.3
2000-05-01T00:00:00Z;-9.7;30.5;82.3
2000-05-02T00:00:00Z;-7.0;17.3;81.4
2000-05-03T00:00:00Z;-7.3;6.4;79.4
2000-05-04T00:00:00Z;-8.3;13.0;75.7
2000-05-05T00:00:00Z;-9.7;18.5;76.3
2000-05-06T00:00:00Z;-9.2;34.8;80.6
2000-05-07T00:00:00Z;-5.8;7.3;93.5
2000-05-08T00:00:00Z;-10.8;19.4;67.6
2000-05-09T00:00:00Z;-10.2;15.5;70.1
2000-05-10T00:00:00Z;-9.0;27.1;78.1
2000-05-11T00:00:00Z;-2.9;22.8;92.8
2000-05-12T00:00:00Z;-9.0;27.8;75.7
2000-05-13T00:00:00Z;-11.0;15.3;67.1
2000-05-14T00:00:00Z;-10.5;19.8;74.3
2000-05-15T00:00:00Z;-9.2;24.2;83.8
2000-05-16T00:00:00Z;-7.5;19.2;81.0
2000-05-17T00:00:00Z;-5.2;18.2;88.8
2000-05-18T00:00:00Z;-8.1;11.0;73.6
2000-05-19T00:00:00Z;-8.6;13.5;64.0
2000-05-20T00:00:00Z;-8.2;6.8;68.3
2000-05-21T00:00:00Z;-6.8;7.6;66.4
2000-05-22T00:00:00Z;-8.0;12.6;63.8
2000-05-23T00:00:00Z;-6.9;21.0;67.9
2000-05-24T00:00:00Z;-5.5;26.0;79.4
2000-05-25T00:00:00Z;-5.6;16.3;84.9
2000-05-26T00:00:00Z;-5.2;15.7;80.3
2000-05-27T00:00:00Z;-4.7;12.5;74.8
2000-05-28T00:00:00Z;-5.2;27.2;81.2
2000-05-29T00:00:00Z;-5.3;23.9;76.8
2000-05-30T00:00:00Z;-5.0;17.1;80.8
2000-05-31T00:00:00Z;-2.1;18.5;86.4
2000-06-01T00:00:00Z;-0.7;11.6;84.2
2000-06-02T00:00:00Z;1.0;49.6;93.6
2000-06-03T00:00:00Z;-0.8;29.3;75.7
2000-06-04T00:00:00Z;-0.8;18.5;71.9
2000-06-05T00:00:00Z;-0.5;18.1;75.8
2000-06-06T00:00:00Z;-0.5;15.5;86.9
2000-06-07T00:00:00Z;0.8;18.5;92.5
2000-06-08T00:00:00Z;3.6;21.3;86.1
2000-06-09T00:00:00Z;2.4;19.6;96.1
2000-06-10T00:00:00Z;1.4;26.7;91.1
2000-06-11T00:00:00Z;1.3;34.3;94.7
2000-06-12T00:00:00Z;1.7;21.3;95.4
2000-06-13T00:00:00Z;1.4;24.0;97.9
2000-06-14T00:00:00Z;2.9;16.2;95.9
2000-06-15T00:00:00Z;2.0;12.0;97.3
2000-06-16T00:00:00Z;1.6;11.9;95.4
2000-06-17T00:00:00Z;2.0;15.5;99.1
2000-06-18T00:00:00Z;1.9;19.3;96.6
2000-06-19T00:00:00Z;1.4;14.7;99.5
2000-06-20T00:00:00Z;1.6;13.6;99.4
2000-06-21T00:00:00Z;2.2;11.8;99.5
2000-06-22T00:00:00Z;0.4;4.5;88.2
2000-06-23T00:00:00Z;1.6;14.9;96.8
2000-06-24T00:00:00Z;2.9;17.7;94.9
2000-06-25T00:00:00Z;3.3;18.0;98.0
2000-06-26T00:00:00Z;1.9;8.9;96.8
2000-06-27T00:00:00Z;2.0;19.7;99.5
2000-06-28T00:00:00Z;0.5;24.2;97.3
2000-06-29T00:00:00Z;1.3;21.2;93.9
2000-06-30T00:00:00Z;1.2;14.8;93.0
2000-07-01T00:00:00Z;1.2;19.9;94.1
2000-07-02T00:00:00Z;1.1;32.7;91.9
2000-07-03T00:00:00Z;1.0;27.9;90.0
2000-07-04T00:00:00Z;1.1;20.7;89.1
2000-07-05T00:00:00Z;0.9;23.7;95.1
2000-07-06T00:00:00Z;1.4;21.2;93.8
2000-07-07T00:00:00Z;1.9;18.7;92.8
2000-07-08T00:00:00Z;1.8;10.3;97.9
2000-07-09T00:00:00Z;1.1;21.1;94.0
2000-07-10T00:00:00Z;1.2;24.4;90.8
2000-07-11T00:00:00Z;0.7;20.3;91.5
2000-07-12T00:00:00Z;1.6;15.6;81.2
2000-07-13T00:00:00Z;1.2;11.9;86.1
2000-07-14T00:00:00Z;0.8;11.2;81.7
2000-07-15T00:00:00Z;0.8;20.9;89.8
2000-07-16T00:00:00Z;2.5;29.1;93.0
2000-07-17T00:00:00Z;2.7;12.0;99.4
2000-07-18T00:00:00Z;1.1;17.7;96.4
2000-07-19T00:00:00Z;0.8;21.8;92.9
2000-07-20T00:00:00Z;1.8;12.8;83.6
2000-07-21T00:00:00Z;1.9;13.5;88.1
2000-07-22T00:00:00Z;1.3;25.3;97.0
2000-07-23T00:00:00Z;3.1;26.1;99.3
2000-07-24T00:00:00Z;1.9;21.3;98.6
2000-07-25T00:00:00Z;2.5;19.5;92.4
2000-07-26T00:00:00Z;1.2;13.2;97.1
2000-07-27T00:00:00Z;1.0;25.1;99.6
2000-07-28T00:00:00Z;1.3;28.4;98.2
2000-07-29T00:00:00Z;1.7;28.5;94.2
2000-07-30T00:00:00Z;1.3;12.7;97.3
2000-07-31T00:00:00Z;1.6;27.5;95.9
2000-08-01T00:00:00Z;0.7;33.3;95.2
2000-08-02T00:00:00Z;0.5;12.1;95.4
2000-08-03T00:00:00Z;1.1;21.4;99.6
2000-08-04T00:00:00Z;1.6;25.3;95.3
2000-08-05T00:00:00Z;0.8;8.0;96.9
2000-08-06T00:00:00Z;1.0;26.6;98.3
2000-08-07T00:00:00Z;0.3;17.4;95.1
2000-08-08T00:00:00Z;1.0;21.0;97.7
2000-08-09T00:00:00Z;-0.5;25.4;85.4
2000-08-10T00:00:00Z;0.9;9.2;99.5
2000-08-11T00:00:00Z;1.9;37.5;94.4
2000-08-12T00:00:00Z;-0.4;48.8;89.2
2000-08-13T00:00:00Z;-0.6;19.2;88.2
2000-08-14T00:00:00Z;-0.2;23.7;93.1
2000-08-15T00:00:00Z;-0.3;20.8;82.2
2000-08-16T00:00:00Z;-0.4;11.2;80.7
2000-08-17T00:00:00Z;0.2;19.7;92.4
2000-08-18T00:00:00Z;1.3;19.4;97.2
2000-08-19T00:00:00Z;-0.3;11.9;97.3
2000-08-20T00:00:00Z;-0.6;24.5;95.3
2000-08-21T00:00:00Z;-0.7;23.3;83.6
2000-08-22T00:00:00Z;-1.6;16.9;78.9
2000-08-23T00:00:00Z;-1.7;11.2;82.1
2000-08-24T00:00:00Z;-1.3;6.3;77.1
2000-08-25T00:00:00Z;-0.6;14.4;82.9
2000-08-26T00:00:00Z;-0.1;18.4;87.9
2000-08-27T00:00:00Z;-0.0;20.6;94.2
2000-08-28T00:00:00Z;-0.2;18.9;96.5
2000-08-29T00:00:00Z;-1.0;33.8;81.4
2000-08-30T00:00:00Z;-0.9;48.4;92.5
2000-08-31T00:00:00Z;1.3;37.0;88.8
2000-09-01T00:00:00Z;1.6;13.9;95.4
2000-09-02T00:00:00Z;1.1;13.9;95.1
2000-09-03T00:00:00Z;1.2;20.1;94.3
2000-09-04T00:00:00Z;0.2;11.3;97.6
2000-09-05T00:00:00Z;-1.3;21.9;98.9
2000-09-06T00:00:00Z;-1.4;31.7;96.3
2000-09-07T00:00:00Z;-0.8;28.0;94.2
2000-09-08T00:00:00Z;-0.6;19.4;92.9
2000-09-09T00:00:00Z;-0.3;8.9;95.3
2000-09-10T00:00:00Z;-1.0;8.5;81.8
2000-09-11T00:00:00Z;-1.1;23.8;94.8
2000-09-12T00:00:00Z;-2.4;31.4;83.2
2000-09-13T00:00:00Z;-1.7;14.1;88.4
2000-09-14T00:00:00Z;-1.9;13.3;73.3
2000-09-15T00:00:00Z;-1.2;11.8;74.0
2000-09-16T00:00:00Z;-2.3;11.4;75.0
2000-09-17T00:00:00Z;-4.3;9.6;60.6
2000-09-18T00:00:00Z;-2.3;25.9;64.4
2000-09-19T00:00:00Z;-0.9;20.2;79.2
2000-09-20T00:00:00Z;0.0;40.0;91.0
2000-09-21T00:00:00Z;0.0;29.0;89.6
2000-09-22T00:00:00Z;-1.5;11.6;91.5
2000-09-23T00:00:00Z;-6.6;21.0;70.5
2000-09-24T00:00:00Z;-6.9;15.7;63.8
2000-09-25T00:00:00Z;-6.2;26.8;68.6
2000-09-26T00:00:00Z;-2.0;19.4;90.4
2000-09-27T00:00:00Z;-4.8;23.2;90.2
2000-09-28T00:00:00Z;-4.4;12.5;72.9
2000-09-29T00:00:00Z;-3.0;22.8;79.5
2000-09-30T00:00:00Z;-2.8;9.5;79.4
2000-10-01T00:00:00Z;-3.8;3.5;83.4
2000-10-02T00:00:00Z;-7.5;18.7;71.6
2000-10-03T00:00:00Z;-2.2;41.1;90.9
2000-10-04T00:00:00Z;-3.1;21.6;79.9
2000-10-05T00:00:00Z;-4.5;34.3;84.7
2000-10-06T00:00:00Z;-5.9;27.8;80.1
2000-10-07T00:00:00Z;-9.5;14.6;67.6
2000-10-08T00:00:00Z;-7.2;17.1;75.4
2000-10-09T00:00:00Z;-9.2;13.5;79.6
2000-10-10T00:00:00Z;-4.3;32.9;88.9
2000-10-11T00:00:00Z;-3.8;21.1;92.1
2000-10-12T00:00:00Z;-4.0;24.4;89.5
2000-10-13T00:00:00Z;-6.0;25.3;85.3
2000-10-14T00:00:00Z;-5.0;36.5;89.0
2000-10-15T00:00:00Z;-5.4;11.8;82.8
2000-10-16T00:00:00Z;-5.7;6.4;77.0
2000-10-17T00:00:00Z;-6.8;25.3;89.9
2000-10-18T00:00:00Z;-6.8;22.1;88.7
2000-10-19T00:00:00Z;-9.9;13.6;76.8
2000-10-20T00:00:00Z;-11.0;10.3;75.2
2000-10-21T00:00:00Z;-10.8;27.9;84.2
2000-10-22T00:00:00Z;-11.3;19.1;85.2
2000-10-23T00:00:00Z;-11.1;22.8;86.5
2000-10-24T00:00:00Z;-14.1;15.5;82.4
2000-10-25T00:00:00Z;-14.3;10.0;82.5
2000-10-26T00:00:00Z;-15.4;23.6;84.2
2000-10-27T00:00:00Z;-17.4;18.5;82.5
2000-10-28T00:00:00Z;-17.0;14.7;84.9
2000-10-29T00:00:00Z;-16.2;11.2;86.2
2000-10-30T00:00:00Z;-16.8;18.1;84.5
2000-10-31T00:00:00Z;-18.1;24.6;82.8
2000-11-01T00:00:00Z;-15.9;16.8;86.3
2000-11-02T00:00:00Z;-13.6;18.9;88.1
2000-11-03T00:00:00Z;-14.5;13.6;85.7
2000-11-04T00:00:00Z;-18.1;30.4;75.1
2000-11-05T00:00:00Z;-19.3;22.8;79.1
2000-11-06T00:00:00Z;-21.3;11.6;79.3
2000-11-07T00:00:00Z;-24.6;8.7;83.2
2000-11-08T00:00:00Z;-25.3;16.4;79.3
2000-11-09T00:00:00Z;-25.6;15.7;78.8
2000-11-10T00:00:00Z;-26.2;34.2;77.7
2000-11-11T00:00:00Z;-26.1;42.7;77.3
2000-11-12T00:00:00Z;-25.8;40.5;77.4
2000-11-13T00:00:00Z;-25.8;17.5;78.1
2000-11-14T00:00:00Z;-26.8;25.1;76.7
2000-11-15T00:00:00Z;-21.6;33.9;77.1
2000-11-16T00:00:00Z;-18.7;24.7;78.9
2000-11-17T00:00:00Z;-14.3;12.9;87.9
2000-11-18T00:00:00Z;-14.5;22.4;85.7
2000-11-19T00:00:00Z;-18.1;33.0;81.6
2000-11-20T00:00:00Z;-20.1;23.6;82.4
2000-11-21T00:00:00Z;-16.0;27.5;84.3
2000-11-22T00:00:00Z;-20.8;23.7;77.6
2000-11-23T00:00:00Z;-22.7;23.3;80.5
2000-11-24T00:00:00Z;-22.7;26.7;80.2
2000-11-25T00:00:00Z;-25.4;23.0;78.4
2000-11-26T00:00:00Z;-27.5;18.7;76.9
2000-11-27T00:00:00Z;-29.0;13.4;76.2
2000-11-28T00:00:00Z;-30.0;9.5;75.7
2000-11-29T00:00:00Z;-27.1;8.4;77.1
2000-11-30T00:00:00Z;-30.2;8.9;82.2
2000-12-01T00:00:00Z;-31.1;10.8;75.0
2000-12-02T00:00:00Z;-31.1;14.5;77.4
2000-12-03T00:00:00Z;-30.9;12.5;77.1
2000-12-04T00:00:00Z;-32.7;14.2;76.5
2000-12-05T00:00:00Z;-29.9;31.6;75.4
2000-12-06T00:00:00Z;-26.5;49.0;74.6
2000-12-07T00:00:00Z;-27.1;43.1;76.6
2000-12-08T00:00:00Z;-21.6;46.7;78.0
2000-12-09T00:00:00Z;-19.8;11.9;83.0
2000-12-10T00:00:00Z;-24.4;32.9;77.9
2000-12-11T00:00:00Z;-24.4;47.6;78.6
2000-12-12T00:00:00Z;-19.5;49.2;74.0
2000-12-13T00:00:00Z;-17.8;35.6;78.7
2000-12-14T00:00:00Z;-18.1;32.8;82.7
2000-12-15T00:00:00Z;-19.6;23.9;82.7
2000-12-16T00:00:00Z;-19.5;11.7;83.1
2000-12-17T00:00:00Z;-22.3;17.0;80.6
2000-12-18T00:00:00Z;-16.9;17.8;85.3
2000-12-19T00:00:00Z;-21.9;27.8;81.1
2000-12-20T00:00:00Z;-24.2;16.2;79.0
2000-12-21T00:00:00Z;-23.7;27.5;79.7
2000-12-22T00:00:00Z;-24.0;25.6;79.3
2000-12-23T00:00:00Z;-26.6;12.4;77.8
2000-12-24T00:00:00Z;-25.8;11.1;79.3
2000-12-25T00:00:00Z;-25.9;12.6;77.8
2000-12-26T00:00:00Z;-25.0;24.0;78.3
2000-12-27T00:00:00Z;-27.0;19.7;77.3
2000-12-28T00:00:00Z;-28.1;21.1;76.8
2000-12-29T00:00:00Z;-29.9;13.3;76.1
2000-12-30T00:00:00Z;-30.2;22.3;75.3
2000-12-31T00:00:00Z;-30.6;24.1;75.0
2001-01-01T00:00:00Z;-31.3;20.1;76.7
2001-01-02T00:00:00Z;-30.9;19.5;77.1
2001-01-03T00:00:00Z;-29.8;23.8;75.8
2001-01-04T00:00:00Z;-28.5;27.0;79.5
2001-01-05T00:00:00Z;-30.3;16.1;78.4
2001-01-06T00:00:00Z;-32.9;16.7;75.6
2001-01-07T00:00:00Z;-31.1;13.5;81.3
2001-01-08T00:00:00Z;-32.8;38.2;72.6
2001-01-09T00:00:00Z;-26.9;51.1;71.7
2001-01-10T00:00:00Z;-28.7;35.7;76.1
2001-01-11T00:00:00Z;-30.0;16.0;75.7
2001-01-12T00:00:00Z;-28.9;17.0;76.5
2001-01-13T00:00:00Z;-28.6;26.7;76.4
2001-01-14T00:00:00Z;-27.8;30.0;76.8
2001-01-15T00:00:00Z;-26.2;41.3;77.8
2001-01-16T00:00:00Z;-13.8;33.4;85.2
2001-01-17T00:00:00Z;-15.8;31.0;81.7
2001-01-18T00:00:00Z;-23.3;9.2;75.6
2001-01-19T00:00:00Z;-21.6;20.8;81.0
2001-01-20T00:00:00Z;-21.7;23.5;81.0
2001-01-21T00:00:00Z;-22.0;18.8;80.0
2001-01-22T00:00:00Z;-22.0;35.4;78.6
2001-01-23T00:00:00Z;-21.5;37.5;79.4
2001-01-24T00:00:00Z;-23.6;31.4;78.8
2001-01-25T00:00:00Z;-24.9;34.2;78.7
2001-01-26T00:00:00Z;-23.2;43.4;77.3
2001-01-27T00:00:00Z;-22.9;34.2;79.8
2001-01-28T00:00:00Z;-25.9;25.5;77.7
2001-01-29T00:00:00Z;-27.9;12.5;76.9
2001-01-30T00:00:00Z;-28.2;10.7;76.5
2001-01-31T00:00:00Z;-28.0;15.4;76.9
2001-02-01T00:00:00Z;-23.2;10.2;78.8
2001-02-02T00:00:00Z;-25.0;10.3;79.3
2001-02-03T00:00:00Z;-23.7;23.1;82.0
2001-02-04T00:00:00Z;-26.9;8.5;78.0
2001-02-05T00:00:00Z;-26.4;5.5;84.2
2001-02-06T00:00:00Z;-27.8;18.2;77.2
2001-02-07T00:00:00Z;-18.7;38.7;81.4
2001-02-08T00:00:00Z;-8.7;26.8;90.4
2001-02-09T00:00:00Z;-10.8;16.4;86.1
2001-02-10T00:00:00Z;-15.9;33.7;86.0
2001-02-11T00:00:00Z;-16.3;23.3;85.9
2001-02-12T00:00:00Z;-19.0;39.6;79.5
2001-02-13T00:00:00Z;-15.1;20.6;85.8
2001-02-14T00:00:00Z;-15.6;11.1;87.4
2001-02-15T00:00:00Z;-9.0;39.2;83.4
2001-02-16T00:00:00Z;-8.2;35.5;86.2
2001-02-17T00:00:00Z;-19.0;10.9;78.0
2001-02-18T00:00:00Z;-21.2;29.0;81.2
2001-02-19T00:00:00Z;-16.0;32.9;79.4
2001-02-20T00:00:00Z;-11.4;15.2;91.6
2001-02-21T00:00:00Z;-13.5;16.2;81.0
2001-02-22T00:00:00Z;-20.4;23.6;78.7
2001-02-23T00:00:00Z;-25.6;28.4;74.9
2001-02-24T00:00:00Z;-27.4;17.1;75.7
2001-02-25T00:00:00Z;-28.0;26.5;76.4
2001-02-26T00:00:00Z;-25.4;36.4;76.8
2001-02-27T00:00:00Z;-24.6;41.6;78.3
2001-02-28T00:00:00Z;-26.5;43.2;76.9
2001-03-01T00:00:00Z;-22.8;34.7;75.9
2001-03-02T00:00:00Z;-22.4;30.7;76.0
2001-03-03T00:00:00Z;-24.6;36.8;76.8
2001-03-04T00:00:00Z;-23.3;32.6;79.4
2001-03-05T00:00:00Z;-22.7;38.5;79.6
2001-03-06T00:00:00Z;-26.2;38.7;77.0
2001-03-07T00:00:00Z;-25.9;24.4;77.8
2001-03-08T00:00:00Z;-25.8;30.3;76.8
2001-03-09T00:00:00Z;-25.6;20.9;78.2
2001-03-10T00:00:00Z;-26.3;26.3;77.4
2001-03-11T00:00:00Z;-26.1;24.7;77.7
2001-03-12T00:00:00Z;-25.6;29.3;77.3
2001-03-13T00:00:00Z;-29.6;28.1;71.0
2001-03-14T00:00:00Z;-28.3;10.3;76.3
2001-03-15T00:00:00Z;-27.6;10.3;76.9
2001-03-16T00:00:00Z;-27.0;27.6;77.1
2001-03-17T00:00:00Z;-28.6;25.1;75.1
2001-03-18T00:00:00Z;-28.3;7.2;76.4
2001-03-19T00:00:00Z;-27.7;9.9;76.8
2001-03-20T00:00:00Z;-27.0;20.6;76.8
2001-03-21T00:00:00Z;-23.9;31.3;73.9
2001-03-22T00:00:00Z;-22.4;20.0;80.8
2001-03-23T00:00:00Z;-19.6;31.7;78.1
2001-03-24T00:00:00Z;-20.4;10.0;80.6
2001-03-25T00:00:00Z;-24.0;23.6;70.3
2001-03-26T00:00:00Z;-25.3;8.1;78.2
2001-03-27T00:00:00Z;-25.5;18.2;77.5
2001-03-28T00:00:00Z;-25.1;17.3;77.0
2001-03-29T00:00:00Z;-25.4;16.1;76.3
2001-03-30T00:00:00Z;-22.5;23.1;78.1
2001-03-31T00:00:00Z;-21.6;21.4;74.3
2001-04-01T00:00:00Z;-22.3;29.6;61.5
2001-04-02T00:00:00Z;-22.6;35.1;63.6
2001-04-03T00:00:00Z;-21.5;26.4;71.7
2001-04-04T00:00:00Z;-21.6;32.0;77.5
2001-04-05T00:00:00Z;-20.5;23.4;78.2
2001-04-06T00:00:00Z;-20.8;20.3;79.3
2001-04-07T00:00:00Z;-18.3;40.8;80.4
2001-04-08T00:00:00Z;-13.8;28.9;85.2
2001-04-09T00:00:00Z;-9.6;14.6;88.6
2001-04-10T00:00:00Z;-12.1;23.7;76.5
2001-04-11T00:00:00Z;-12.0;21.1;83.9
2001-04-12T00:00:00Z;-10.7;32.4;86.0
2001-04-13T00:00:00Z;-9.0;24.5;87.4
2001-04-14T00:00:00Z;-10.1;26.1;75.9
2001-04-15T00:00:00Z;-12.4;9.6;72.5
2001-04-16T00:00:00Z;-12.2;15.8;82.2
2001-04-17T00:00:00Z;-14.3;27.1;74.1
2001-04-18T00:00:00Z;-16.9;36.3;75.5
2001-04-19T00:00:00Z;-16.8;35.8;77.6
2001-04-20T00:00:00Z;-15.6;39.3;80.2
2001-04-21T00:00:00Z;-13.7;37.1;78.2
2001-04-22T00:00:00Z;-11.7;25.7;80.5
2001-04-23T00:00:00Z;-11.2;23.2;82.6
2001-04-24T00:00:00Z;-14.2;21.2;69.6
2001-04-25T00:00:00Z;-12.1;16.4;74.2
2001-04-26T00:00:00Z;-11.8;18.9;77.8
2001-04-27T00:00:00Z;-12.1;32.5;72.5
2001-04-28T00:00:00Z;-15.8;18.8;68.2
2001-04-29T00:00:00Z;-17.0;15.8;65.9
2001-04-30T00:00:00Z;-15.9;17.8;66.9
2001-05-01T00:00:00Z;-15.5;18.7;57.7
2001-05-02T00:00:00Z;-16.6;8.9;71.4
2001-05-03T00:00:00Z;-14.6;12.3;71.4
2001-05-04T00:00:00Z;-12.6;9.1;70.1
2001-05-05T00:00:00Z;-11.7;12.9;66.7
2001-05-06T00:00:00Z;-11.7;10.4;65.7
2001-05-07T00:00:00Z;-12.5;17.7;70.9
2001-05-08T00:00:00Z;-13.3;30.4;78.6
2001-05-09T00:00:00Z;-12.0;31.6;81.2
2001-05-10T00:00:00Z;-9.6;18.5;79.6
2001-05-11T00:00:00Z;-9.2;5.6;78.3
2001-05-12T00:00:00Z;-8.8;9.1;80.7
2001-05-13T00:00:00Z;-6.6;16.2;76.1
2001-05-14T00:00:00Z;-4.2;11.7;88.0
2001-05-15T00:00:00Z;-5.8;15.0;81.9
2001-05-16T00:00:00Z;-6.8;8.2;74.4
2001-05-17T00:00:00Z;-5.5;12.3;79.5
2001-05-18T00:00:00Z;-5.1;10.7;66.0
2001-05-19T00:00:00Z;-5.7;23.6;71.2
2001-05-20T00:00:00Z;-4.5;17.1;75.6
2001-05-21T00:00:00Z;-4.6;10.2;76.2
2001-05-22T00:00:00Z;-5.5;16.3;74.2
2001-05-23T00:00:00Z;-6.1;17.6;70.4
2001-05-24T00:00:00Z;-5.9;22.8;80.6
2001-05-25T00:00:00Z;-6.1;9.4;66.8
2001-05-26T00:00:00Z;-6.4;9.8;67.2
2001-05-27T00:00:00Z;-5.6;11.7;68.4
2001-05-28T00:00:00Z;-4.3;20.9;77.9
2001-05-29T00:00:00Z;-4.2;31.6;83.8
2001-05-30T00:00:00Z;-1.2;35.1;87.7
2001-05-31T00:00:00Z;-1.4;6.4;97.1
2001-06-01T00:00:00Z;1.1;19.1;91.7
2001-06-02T00:00:00Z;1.7;28.2;94.0
2001-06-03T00:00:00Z;0.1;4.5;84.2
2001-06-04T00:00:00Z;0.8;24.4;91.7
2001-06-05T00:00:00Z;1.5;27.3;93.9
2001-06-06T00:00:00Z;1.1;11.9;95.7
2001-06-07T00:00:00Z;0.7;21.7;85.4
2001-06-08T00:00:00Z;0.3;13.2;77.8
2001-06-09T00:00:00Z;-0.1;8.9;79.8
2001-06-10T00:00:00Z;-0.7;12.5;81.0
2001-06-11T00:00:00Z;1.0;22.3;96.5
2001-06-12T00:00:00Z;1.4;15.3;83.6
2001-06-13T00:00:00Z;1.8;8.3;95.9
2001-06-14T00:00:00Z;1.9;19.0;98.6
2001-06-15T00:00:00Z;1.9;15.0;93.1
2001-06-16T00:00:00Z;1.4;18.8;86.1
2001-06-17T00:00:00Z;2.4;31.1;94.2
2001-06-18T00:00:00Z;1.3;4.8;96.7
2001-06-19T00:00:00Z;0.5;39.6;84.6
2001-06-20T00:00:00Z;-0.6;36.7;79.7
2001-06-21T00:00:00Z;1.4;12.0;85.1
2001-06-22T00:00:00Z;1.4;10.3;77.2
2001-06-23T00:00:00Z;1.5;9.9;68.2
2001-06-24T00:00:00Z;1.8;29.9;89.5
2001-06-25T00:00:00Z;2.7;31.7;88.5
2001-06-26T00:00:00Z;3.0;14.4;90.8
2001-06-27T00:00:00Z;2.4;10.6;94.1
2001-06-28T00:00:00Z;2.1;14.1;96.2
2001-06-29T00:00:00Z;1.9;12.2;99.5
2001-06-30T00:00:00Z;0.5;13.6;99.7
2001-07-01T00:00:00Z;2.0;16.2;96.8
2001-07-02T00:00:00Z;2.9;8.4;93.3
2001-07-03T00:00:00Z;4.0;12.5;87.3
2001-07-04T00:00:00Z;0.8;13.4;87.0
2001-07-05T00:00:00Z;0.8;19.3;82.2
2001-07-06T00:00:00Z;1.4;14.7;87.2
2001-07-07T00:00:00Z;1.5;7.8;91.8
2001-07-08T00:00:00Z;1.6;8.1;87.3
2001-07-09T00:00:00Z;1.5;10.3;82.3
2001-07-10T00:00:00Z;1.8;22.2;80.4
2001-07-11T00:00:00Z;1.8;34.1;90.0
2001-07-12T00:00:00Z;1.8;31.8;86.4
2001-07-13T00:00:00Z;1.4;23.9;84.4
2001-07-14T00:00:00Z;0.9;18.4;88.7
2001-07-15T00:00:00Z;1.2;21.0;91.8
2001-07-16T00:00:00Z;2.2;34.3;89.7
2001-07-17T00:00:00Z;3.9;27.3;94.0
2001-07-18T00:00:00Z;4.0;14.7;92.7
2001-07-19T00:00:00Z;2.2;13.9;99.6
2001-07-20T00:00:00Z;2.3;24.9;99.5
2001-07-21T00:00:00Z;2.9;12.4;98.6
2001-07-22T00:00:00Z;0.7;17.7;93.3
2001-07-23T00:00:00Z;1.9;11.8;91.0
2001-07-24T00:00:00Z;1.1;4.5;96.6
2001-07-25T00:00:00Z;0.9;26.7;90.8
2001-07-26T00:00:00Z;1.0;24.5;92.8
2001-07-27T00:00:00Z;1.0;12.6;83.7
2001-07-28T00:00:00Z;1.0;21.2;92.6
2001-07-29T00:00:00Z;1.6;12.5;96.8
2001-07-30T00:00:00Z;0.8;16.1;97.7
2001-07-31T00:00:00Z;0.4;11.3;80.1
2001-08-01T00:00:00Z;-0.0;21.0;87.0
2001-08-02T00:00:00Z;0.7;20.4;97.1
2001-08-03T00:00:00Z;0.8;18.1;91.3
2001-08-04T00:00:00Z;0.5;22.4;84.9
2001-08-05T00:00:00Z;0.3;30.0;96.9
2001-08-06T00:00:00Z;0.5;28.9;94.6
2001-08-07T00:00:00Z;0.5;15.5;92.7
2001-08-08T00:00:00Z;0.9;19.8;95.5
2001-08-09T00:00:00Z;0.8;24.1;96.4
2001-08-10T00:00:00Z;-0.3;15.8;93.3
2001-08-11T00:00:00Z;1.2;11.4;98.2
2001-08-12T00:00:00Z;-0.0;22.9;90.4
2001-08-13T00:00:00Z;2.5;24.7;99.4
2001-08-14T00:00:00Z;-0.1;23.3;89.4
2001-08-15T00:00:00Z;0.2;24.6;86.8
2001-08-16T00:00:00Z;-0.3;31.9;85.6
2001-08-17T00:00:00Z;-0.3;35.2;89.5
2001-08-18T00:00:00Z;-0.3;21.5;89.6
2001-08-19T00:00:00Z;-1.1;8.9;84.6
2001-08-20T00:00:00Z;-1.5;25.9;91.6
2001-08-21T00:00:00Z;-0.5;29.5;93.1
2001-08-22T00:00:00Z;-0.9;24.6;95.4
2001-08-23T00:00:00Z;-0.6;21.6;87.5
2001-08-24T00:00:00Z;0.1;28.2;91.0
2001-08-25T00:00:00Z;-1.0;24.7;89.3
2001-08-26T00:00:00Z;-1.6;23.6;92.1
2001-08-27T00:00:00Z;-0.5;15.9;93.0
2001-08-28T00:00:00Z;-0.3;12.1;95.9
2001-08-29T00:00:00Z;0.1;16.1;97.8
2001-08-30T00:00:00Z;-0.2;33.3;95.4
2001-08-31T00:00:00Z;0.5;20.9;97.3
2001-09-01T00:00:00Z;-0.1;15.4;98.8
2001-09-02T00:00:00Z;-0.3;12.3;97.9
2001-09-03T00:00:00Z;-0.1;15.8;95.6
2001-09-04T00:00:00Z;-2.1;18.2;93.1
2001-09-05T00:00:00Z;-0.3;26.9;96.5
2001-09-06T00:00:00Z;0.2;26.8;98.6
2001-09-07T00:00:00Z;-0.5;11.4;97.2
2001-09-08T00:00:00Z;-0.5;17.4;96.4
2001-09-09T00:00:00Z;-0.6;15.8;95.7
2001-09-10T00:00:00Z;1.4;23.9;93.2
2001-09-11T00:00:00Z;0.6;12.4;94.9
2001-09-12T00:00:00Z;0.2;10.5;94.4
2001-09-13T00:00:00Z;-0.6;24.4;96.5
2001-09-14T00:00:00Z;-0.7;20.9;95.7
2001-09-15T00:00:00Z;-0.1;29.9;88.8
2001-09-16T00:00:00Z;-1.2;2.6;95.4
2001-09-17T00:00:00Z;-1.7;13.9;94.1
2001-09-18T00:00:00Z;-2.8;16.7;96.5
2001-09-19T00:00:00Z;-2.6;22.7;91.8
2001-09-20T00:00:00Z;-2.3;16.9;93.5
2001-09-21T00:00:00Z;-1.6;21.6;93.9
2001-09-22T00:00:00Z;-3.0;33.5;96.7
2001-09-23T00:00:00Z;-0.9;26.7;93.9
2001-09-24T00:00:00Z;-1.1;30.9;93.4
2001-09-25T00:00:00Z;-3.1;32.2;84.8
2001-09-26T00:00:00Z;-4.1;32.5;77.3
2001-09-27T00:00:00Z;-6.2;27.8;76.3
2001-09-28T00:00:00Z;-6.7;15.9;78.0
2001-09-29T00:00:00Z;-5.8;16.3;77.9
2001-09-30T00:00:00Z;-7.2;19.5;75.0
2001-10-01T00:00:00Z;-10.0;16.8;80.4
2001-10-02T00:00:00Z;-10.8;24.0;85.9
2001-10-03T00:00:00Z;-11.3;19.1;86.6
2001-10-04T00:00:00Z;-11.0;18.9;87.0
2001-10-05T00:00:00Z;-8.1;8.0;92.2
2001-10-06T00:00:00Z;-6.9;23.7;91.7
2001-10-07T00:00:00Z;-9.9;14.5;84.4
2001-10-08T00:00:00Z;-12.3;8.3;82.9
2001-10-09T00:00:00Z;-13.3;12.9;81.0
2001-10-10T00:00:00Z;-14.8;6.8;76.6
2001-10-11T00:00:00Z;-15.0;18.7;83.6
2001-10-12T00:00:00Z;-13.0;28.7;86.2
2001-10-13T00:00:00Z;-9.4;19.6;89.9
2001-10-14T00:00:00Z;-8.1;9.0;89.9
2001-10-15T00:00:00Z;-10.4;8.1;87.9
2001-10-16T00:00:00Z;-10.9;11.3;82.5
2001-10-17T00:00:00Z;-12.4;7.0;74.9
2001-10-18T00:00:00Z;-13.8;23.5;81.9
2001-10-19T00:00:00Z;-17.7;28.3;81.9
2001-10-20T00:00:00Z;-17.4;17.2;83.7
2001-10-21T00:00:00Z;-17.5;25.0;82.5
2001-10-22T00:00:00Z;-17.6;29.1;81.5
2001-10-23T00:00:00Z;-19.8;28.8;80.5
2001-10-24T00:00:00Z;-20.8;19.9;80.4
2001-10-25T00:00:00Z;-20.6;14.7;81.7
2001-10-26T00:00:00Z;-16.7;12.7;85.4
2001-10-27T00:00:00Z;-16.0;20.5;86.0
2001-10-28T00:00:00Z;-15.7;19.7;84.9
2001-10-29T00:00:00Z;-16.8;22.4;84.5
2001-10-30T00:00:00Z;-13.5;36.8;88.6
2001-10-31T00:00:00Z;-15.2;34.5;84.9
2001-11-01T00:00:00Z;-12.0;20.4;89.0
2001-11-02T00:00:00Z;-12.8;13.9;91.5
2001-11-03T00:00:00Z;-13.3;13.0;88.7
2001-11-04T00:00:00Z;-17.6;19.5;81.7
2001-11-05T00:00:00Z;-19.8;4.5;80.4
2001-11-06T00:00:00Z;-19.1;21.7;84.0
2001-11-07T00:00:00Z;-19.6;9.2;86.5
2001-11-08T00:00:00Z;-15.1;13.4;85.7
2001-11-09T00:00:00Z;-19.4;24.8;82.4
2001-11-10T00:00:00Z;-19.8;23.5;82.2
2001-11-11T00:00:00Z;-17.1;47.6;69.9
2001-11-12T00:00:00Z;-15.8;45.0;82.1
2001-11-13T00:00:00Z;-16.8;31.8;80.1
2001-11-14T00:00:00Z;-13.8;34.7;84.6
2001-11-15T00:00:00Z;-14.6;26.7;84.9
2001-11-16T00:00:00Z;-12.0;26.9;87.3
2001-11-17T00:00:00Z;-13.3;12.5;87.3
2001-11-18T00:00:00Z;-13.3;10.1;88.9
2001-11-19T00:00:00Z;-14.8;7.5;82.6
2001-11-20T00:00:00Z;-16.6;25.8;82.3
2001-11-21T00:00:00Z;-15.3;25.5;84.1
2001-11-22T00:00:00Z;-20.2;33.4;80.7
2001-11-23T00:00:00Z;-21.0;32.2;81.3
2001-11-24T00:00:00Z;-20.3;24.7;82.3
2001-11-25T00:00:00Z;-17.3;28.5;80.2
2001-11-26T00:00:00Z;-17.7;13.3;82.1
2001-11-27T00:00:00Z;-15.1;8.7;82.8
2001-11-28T00:00:00Z;-16.0;17.9;85.8
2001-11-29T00:00:00Z;-17.7;20.5;84.8
2001-11-30T00:00:00Z;-17.5;24.4;81.2
2001-12-01T00:00:00Z;-15.3;19.5;86.9
2001-12-02T00:00:00Z;-16.5;23.6;85.9
2001-12-03T00:00:00Z;-17.2;19.3;88.7
2001-12-04T00:00:00Z;-17.0;23.2;85.3
2001-12-05T00:00:00Z;-19.3;27.2;78.2
2001-12-06T00:00:00Z;-20.4;12.7;70.2
2001-12-07T00:00:00Z;-22.3;18.4;80.9
2001-12-08T00:00:00Z;-15.5;26.3;86.9
2001-12-09T00:00:00Z;-14.2;19.9;86.6
2001-12-10T00:00:00Z;-18.9;18.3;80.5
2001-12-11T00:00:00Z;-20.2;15.1;82.5
2001-12-12T00:00:00Z;-21.6;23.6;77.6
2001-12-13T00:00:00Z;-21.8;26.1;80.0
2001-12-14T00:00:00Z;-22.7;21.5;77.8
2001-12-15T00:00:00Z;-24.6;13.1;74.2
2001-12-16T00:00:00Z;-25.8;3.9;77.6
2001-12-17T00:00:00Z;-25.9;11.4;81.4
2001-12-18T00:00:00Z;-28.2;11.5;79.2
2001-12-19T00:00:00Z;-28.0;20.1;76.7
2001-12-20T00:00:00Z;-23.5;31.8;77.8
2001-12-21T00:00:00Z;-23.7;27.7;74.6
2001-12-22T00:00:00Z;-24.3;14.2;79.2
2001-12-23T00:00:00Z;-24.2;29.7;79.2
2001-12-24T00:00:00Z;-17.6;19.4;84.8
2001-12-25T00:00:00Z;-22.8;9.7;80.7
2001-12-26T00:00:00Z;-25.3;13.4;77.8
2001-12-27T00:00:00Z;-14.2;27.6;86.0
2001-12-28T00:00:00Z;-13.3;12.1;91.3
2001-12-29T00:00:00Z;-13.4;29.9;82.4
2001-12-30T00:00:00Z;-20.9;28.4;71.7
2001-12-31T00:00:00Z;-22.8;17.1;80.3
