validdate;t_2m:C;wind_speed_10m:kmh;relative_humidity_2m:p;direct_rad:W
1999-01-01T00:00:00Z;-22.6;23.7;80.1;0.0
1999-01-02T00:00:00Z;-23.4;25.1;79.5;0.0
1999-01-03T00:00:00Z;-25.0;6.6;78.4;0.0
1999-01-04T00:00:00Z;-24.0;12.4;75.8;0.0
1999-01-05T00:00:00Z;-25.1;4.5;77.7;0.0
1999-01-06T00:00:00Z;-26.2;12.4;83.0;0.0
1999-01-07T00:00:00Z;-28.4;17.3;76.4;0.0
1999-01-08T00:00:00Z;-28.0;16.3;77.1;0.0
1999-01-09T00:00:00Z;-27.3;18.8;77.0;0.0
1999-01-10T00:00:00Z;-25.8;29.8;78.6;0.0
1999-01-11T00:00:00Z;-28.7;27.5;74.1;0.0
1999-01-12T00:00:00Z;-23.4;38.5;71.7;0.0
1999-01-13T00:00:00Z;-22.8;31.8;80.3;0.0
1999-01-14T00:00:00Z;-23.7;29.7;78.6;0.0
1999-01-15T00:00:00Z;-24.3;21.2;77.8;0.0
1999-01-16T00:00:00Z;-28.8;13.6;76.3;0.0
1999-01-17T00:00:00Z;-29.8;9.7;76.6;0.0
1999-01-18T00:00:00Z;-25.4;27.0;78.2;0.0
1999-01-19T00:00:00Z;-20.2;24.2;82.5;0.0
1999-01-20T00:00:00Z;-26.4;27.4;76.8;0.0
1999-01-21T00:00:00Z;-28.8;11.5;76.7;0.0
1999-01-22T00:00:00Z;-22.5;27.5;80.9;0.0
1999-01-23T00:00:00Z;-23.4;38.7;79.6;0.0
1999-01-24T00:00:00Z;-23.8;25.8;69.0;0.0
1999-01-25T00:00:00Z;-28.9;24.7;69.5;0.0
1999-01-26T00:00:00Z;-28.2;31.6;75.4;0.0
1999-01-27T00:00:00Z;-26.5;21.1;78.3;0.0
1999-01-28T00:00:00Z;-32.7;36.6;73.5;0.0
1999-01-29T00:00:00Z;-29.1;16.7;76.7;0.0
1999-01-30T00:00:00Z;-26.1;24.0;78.4;0.0
1999-01-31T00:00:00Z;-25.5;29.4;78.8;0.0
1999-02-01T00:00:00Z;-22.8;30.7;78.9;0.0
1999-02-02T00:00:00Z;-24.4;0.3;72.0;0.0
1999-02-03T00:00:00Z;-28.1;19.1;77.1;0.0
1999-02-04T00:00:00Z;-26.1;27.6;76.7;0.0
1999-02-05T00:00:00Z;-20.1;32.1;81.4;0.0
1999-02-06T00:00:00Z;-26.4;23.8;77.8;0.0
1999-02-07T00:00:00Z;-26.1;22.2;78.2;0.0
1999-02-08T00:00:00Z;-27.8;20.3;76.8;0.0
1999-02-09T00:00:00Z;-28.2;26.3;76.4;0.0
1999-02-10T00:00:00Z;-27.7;18.9;79.9;0.0
1999-02-11T00:00:00Z;-29.1;17.0;77.5;0.0
1999-02-12T00:00:00Z;-29.8;20.9;75.5;0.0
1999-02-13T00:00:00Z;-27.8;16.7;74.3;0.0
1999-02-14T00:00:00Z;-29.7;13.9;72.8;0.0
1999-02-15T00:00:00Z;-33.3;10.7;75.4;0.0
1999-02-16T00:00:00Z;-26.0;26.8;78.3;0.0
1999-02-17T00:00:00Z;-25.8;34.3;78.6;0.0
1999-02-18T00:00:00Z;-23.4;39.3;78.6;0.0
1999-02-19T00:00:00Z;-25.6;19.9;78.0;0.0
1999-02-20T00:00:00Z;-26.8;10.2;78.1;0.0
1999-02-21T00:00:00Z;-27.7;14.3;77.6;0.0
1999-02-22T00:00:00Z;-27.5;15.6;77.9;0.0
1999-02-23T00:00:00Z;-29.3;9.1;77.2;0.0
1999-02-24T00:00:00Z;-30.6;8.4;75.5;0.0
1999-02-25T00:00:00Z;-31.0;12.6;79.1;0.0
1999-02-26T00:00:00Z;-29.9;16.4;76.4;0.0
1999-02-27T00:00:00Z;-29.5;12.2;76.1;0.0
1999-02-28T00:00:00Z;-31.4;24.0;74.3;0.0
1999-03-01T00:00:00Z;-23.9;32.1;81.8;0.0
1999-03-02T00:00:00Z;-23.3;9.4;74.7;0.0
1999-03-03T00:00:00Z;-30.1;12.1;75.3;0.0
1999-03-04T00:00:00Z;-28.5;1.4;74.9;0.0
1999-03-05T00:00:00Z;-29.5;18.2;72.6;0.0
1999-03-06T00:00:00Z;-29.1;10.9;76.5;1.7
1999-03-07T00:00:00Z;-26.9;24.4;78.2;2.1
1999-03-08T00:00:00Z;-24.5;31.7;79.6;3.7
1999-03-09T00:00:00Z;-24.7;29.7;79.2;5.1
1999-03-10T00:00:00Z;-18.6;27.7;84.7;0.2
1999-03-11T00:00:00Z;-27.7;33.9;74.7;6.2
1999-03-12T00:00:00Z;-29.9;25.9;75.6;13.1
1999-03-13T00:00:00Z;-27.5;13.1;77.5;5.1
1999-03-14T00:00:00Z;-29.2;12.9;76.3;19.2
1999-03-15T00:00:00Z;-26.4;36.5;76.7;0.1
1999-03-16T00:00:00Z;-27.8;20.3;77.6;32.5
1999-03-17T00:00:00Z;-28.7;11.1;84.6;6.6
1999-03-18T00:00:00Z;-25.8;34.9;74.9;0.1
1999-03-19T00:00:00Z;-21.9;18.0;81.0;0.7
1999-03-20T00:00:00Z;-22.5;19.0;80.8;20.5
1999-03-21T00:00:00Z;-24.3;8.8;78.9;6.5
1999-03-22T00:00:00Z;-25.0;16.9;75.8;41.6
1999-03-23T00:00:00Z;-28.1;15.3;76.4;11.4
1999-03-24T00:00:00Z;-28.3;7.7;78.0;62.1
1999-03-25T00:00:00Z;-28.3;11.8;77.3;81.0
1999-03-26T00:00:00Z;-28.2;13.9;76.7;84.3
1999-03-27T00:00:00Z;-27.7;18.7;77.2;88.6
1999-03-28T00:00:00Z;-28.2;13.2;77.1;95.8
1999-03-29T00:00:00Z;-27.4;18.4;76.5;104.2
1999-03-30T00:00:00Z;-25.0;23.6;78.0;33.1
1999-03-31T00:00:00Z;-27.0;13.6;77.6;106.9
1999-04-01T00:00:00Z;-28.1;17.9;76.9;101.1
1999-04-02T00:00:00Z;-26.0;26.9;77.6;31.5
1999-04-03T00:00:00Z;-18.8;29.1;81.3;13.2
1999-04-04T00:00:00Z;-20.3;18.8;80.4;33.1
1999-04-05T00:00:00Z;-20.0;10.0;81.4;41.3
1999-04-06T00:00:00Z;-21.0;7.2;82.9;74.6
1999-04-07T00:00:00Z;-21.3;13.5;79.2;101.4
1999-04-08T00:00:00Z;-24.0;10.8;78.5;136.9
1999-04-09T00:00:00Z;-25.7;11.7;77.2;153.2
1999-04-10T00:00:00Z;-25.7;18.4;77.3;159.4
1999-04-11T00:00:00Z;-23.8;28.5;78.0;118.5
1999-04-12T00:00:00Z;-21.7;22.1;79.4;117.2
1999-04-13T00:00:00Z;-21.4;11.5;76.2;89.8
1999-04-14T00:00:00Z;-21.8;18.2;77.0;138.8
1999-04-15T00:00:00Z;-21.2;10.5;78.4;98.3
1999-04-16T00:00:00Z;-21.3;8.0;81.3;170.9
1999-04-17T00:00:00Z;-22.6;1.3;79.7;175.4
1999-04-18T00:00:00Z;-22.8;6.6;78.7;150.9
1999-04-19T00:00:00Z;-23.3;13.4;78.5;211.3
1999-04-20T00:00:00Z;-20.8;30.3;78.6;110.2
1999-04-21T00:00:00Z;-21.0;33.4;78.5;14.4
1999-04-22T00:00:00Z;-14.5;32.2;85.3;0.7
1999-04-23T00:00:00Z;-11.9;33.7;81.3;37.5
1999-04-24T00:00:00Z;-16.3;29.2;80.3;26.9
1999-04-25T00:00:00Z;-16.3;26.9;78.8;56.3
1999-04-26T00:00:00Z;-16.6;24.0;76.4;94.4
1999-04-27T00:00:00Z;-16.0;20.4;77.5;22.6
1999-04-28T00:00:00Z;-15.4;23.1;77.6;50.4
1999-04-29T00:00:00Z;-13.5;24.1;76.6;97.9
1999-04-30T00:00:00Z;-10.7;35.6;85.6;21.3
1999-05-01T00:00:00Z;-13.1;39.6;78.5;87.9
1999-05-02T00:00:00Z;-15.4;25.7;83.8;73.7
1999-05-03T00:00:00Z;-13.6;15.5;82.2;46.2
1999-05-04T00:00:00Z;-12.7;12.4;84.4;26.8
1999-05-05T00:00:00Z;-11.4;13.1;76.2;29.5
1999-05-06T00:00:00Z;-10.5;14.7;77.3;43.9
1999-05-07T00:00:00Z;-11.7;20.5;79.8;32.9
1999-05-08T00:00:00Z;-12.6;23.1;77.8;33.5
1999-05-09T00:00:00Z;-9.9;24.8;82.2;28.3
1999-05-10T00:00:00Z;-11.6;19.9;87.4;55.1
1999-05-11T00:00:00Z;-10.1;10.0;84.4;68.9
1999-05-12T00:00:00Z;-11.7;14.9;86.3;63.3
1999-05-13T00:00:00Z;-9.6;27.4;83.9;7.3
1999-05-14T00:00:00Z;-7.6;9.6;79.2;25.1
1999-05-15T00:00:00Z;-5.8;23.0;90.5;47.6
1999-05-16T00:00:00Z;-5.8;20.0;91.7;17.0
1999-05-17T00:00:00Z;-7.0;7.2;70.7;97.2
1999-05-18T00:00:00Z;-6.8;18.5;76.7;165.2
1999-05-19T00:00:00Z;-6.4;22.9;78.1;122.0
1999-05-20T00:00:00Z;-6.4;25.4;82.8;91.3
1999-05-21T00:00:00Z;-6.5;22.9;79.6;56.1
1999-05-22T00:00:00Z;-5.8;7.6;80.8;154.1
1999-05-23T00:00:00Z;-4.4;20.5;83.1;56.1
1999-05-24T00:00:00Z;-4.2;12.6;82.1;49.0
1999-05-25T00:00:00Z;-3.3;16.2;86.5;18.2
1999-05-26T00:00:00Z;-1.3;22.7;93.4;2.9
1999-05-27T00:00:00Z;-0.7;10.3;87.7;15.4
1999-05-28T00:00:00Z;-5.0;18.1;79.4;166.0
1999-05-29T00:00:00Z;-3.1;19.4;83.2;280.1
1999-05-30T00:00:00Z;-3.1;7.6;81.3;157.7
1999-05-31T00:00:00Z;-3.3;9.6;79.1;168.1
1999-06-01T00:00:00Z;-5.4;18.8;71.9;254.2
1999-06-02T00:00:00Z;-5.2;18.5;69.8;241.0
1999-06-03T00:00:00Z;-4.7;29.2;76.0;179.2
1999-06-04T00:00:00Z;-0.3;18.1;82.9;69.3
1999-06-05T00:00:00Z;0.8;24.0;92.9;156.6
1999-06-06T00:00:00Z;0.4;20.6;88.3;147.6
1999-06-07T00:00:00Z;0.4;22.5;85.1;86.6
1999-06-08T00:00:00Z;0.9;16.8;95.5;12.7
1999-06-09T00:00:00Z;0.7;12.0;92.5;41.0
1999-06-10T00:00:00Z;0.6;18.1;88.3;216.5
1999-06-11T00:00:00Z;0.0;15.7;82.6;259.5
1999-06-12T00:00:00Z;0.3;9.2;80.4;237.6
1999-06-13T00:00:00Z;0.7;15.9;88.4;353.7
1999-06-14T00:00:00Z;0.5;22.8;81.0;237.0
1999-06-15T00:00:00Z;0.3;27.7;85.1;300.6
1999-06-16T00:00:00Z;0.6;17.6;83.6;280.4
1999-06-17T00:00:00Z;0.5;26.1;89.9;164.3
1999-06-18T00:00:00Z;0.8;19.7;93.1;61.0
1999-06-19T00:00:00Z;1.1;16.9;94.4;83.3
1999-06-20T00:00:00Z;0.8;12.4;96.8;30.5
1999-06-21T00:00:00Z;1.1;18.7;96.0;18.1
1999-06-22T00:00:00Z;1.3;22.4;95.8;13.0
1999-06-23T00:00:00Z;1.1;21.9;96.7;30.5
1999-06-24T00:00:00Z;0.4;11.7;96.7;7.7
1999-06-25T00:00:00Z;1.0;23.0;96.8;14.2
1999-06-26T00:00:00Z;1.2;9.6;92.4;97.8
1999-06-27T00:00:00Z;0.6;15.6;97.0;0.0
1999-06-28T00:00:00Z;0.2;35.2;91.9;65.0
1999-06-29T00:00:00Z;0.1;18.9;98.1;0.4
1999-06-30T00:00:00Z;0.9;33.5;90.7;281.8
1999-07-01T00:00:00Z;0.1;40.8;95.1;0.6
1999-07-02T00:00:00Z;0.5;25.8;92.4;32.8
1999-07-03T00:00:00Z;0.8;17.0;91.6;29.4
1999-07-04T00:00:00Z;0.7;23.7;92.5;10.9
1999-07-05T00:00:00Z;0.9;19.8;95.4;48.0
1999-07-06T00:00:00Z;0.4;8.6;99.3;0.4
1999-07-07T00:00:00Z;0.5;8.9;99.5;1.0
1999-07-08T00:00:00Z;0.9;9.1;97.2;29.9
1999-07-09T00:00:00Z;1.0;13.6;96.7;49.4
1999-07-10T00:00:00Z;0.8;21.7;98.6;12.5
1999-07-11T00:00:00Z;0.9;19.9;96.9;26.6
1999-07-12T00:00:00Z;0.8;17.2;92.6;40.4
1999-07-13T00:00:00Z;2.2;47.8;96.7;38.9
1999-07-14T00:00:00Z;1.1;16.9;90.6;40.4
1999-07-15T00:00:00Z;0.6;16.6;97.1;7.2
1999-07-16T00:00:00Z;0.7;27.5;95.2;4.1
1999-07-17T00:00:00Z;0.6;37.1;96.0;0.0
1999-07-18T00:00:00Z;0.8;31.8;96.6;0.4
1999-07-19T00:00:00Z;0.8;20.9;98.2;1.0
1999-07-20T00:00:00Z;1.6;9.6;99.4;93.2
1999-07-21T00:00:00Z;1.4;21.1;99.6;11.5
1999-07-22T00:00:00Z;0.9;11.4;94.0;42.4
1999-07-23T00:00:00Z;0.8;20.2;92.3;11.6
1999-07-24T00:00:00Z;0.3;33.4;93.8;33.1
1999-07-25T00:00:00Z;0.3;24.9;95.8;28.1
1999-07-26T00:00:00Z;-0.0;36.2;93.2;43.2
1999-07-27T00:00:00Z;0.0;30.3;94.1;60.5
1999-07-28T00:00:00Z;-0.3;21.8;96.7;27.7
1999-07-29T00:00:00Z;-0.6;16.7;91.7;35.7
1999-07-30T00:00:00Z;0.0;20.5;90.6;18.6
1999-07-31T00:00:00Z;0.0;18.5;91.7;11.8
1999-08-01T00:00:00Z;0.1;17.4;92.8;20.6
1999-08-02T00:00:00Z;-0.5;11.6;90.3;27.7
1999-08-03T00:00:00Z;0.7;22.6;86.9;22.8
1999-08-04T00:00:00Z;0.7;29.4;91.2;43.5
1999-08-05T00:00:00Z;0.7;23.0;98.4;2.4
1999-08-06T00:00:00Z;0.9;18.8;99.4;6.2
1999-08-07T00:00:00Z;0.6;30.6;96.8;7.4
1999-08-08T00:00:00Z;1.1;15.7;98.6;3.1
1999-08-09T00:00:00Z;0.5;12.5;98.7;1.2
1999-08-10T00:00:00Z;1.3;22.0;96.9;203.6
1999-08-11T00:00:00Z;0.3;34.1;98.5;17.5
1999-08-12T00:00:00Z;0.7;23.7;98.1;6.0
1999-08-13T00:00:00Z;-0.4;26.4;95.6;28.8
1999-08-14T00:00:00Z;0.1;19.9;90.8;25.8
1999-08-15T00:00:00Z;0.4;30.2;92.5;29.0
1999-08-16T00:00:00Z;0.2;23.4;90.9;28.3
1999-08-17T00:00:00Z;0.4;20.6;92.4;34.1
1999-08-18T00:00:00Z;0.4;18.5;88.0;21.0
1999-08-19T00:00:00Z;-1.1;13.1;87.8;6.3
1999-08-20T00:00:00Z;-1.2;7.9;86.4;7.8
1999-08-21T00:00:00Z;-1.1;20.6;86.9;6.0
1999-08-22T00:00:00Z;-2.2;30.3;87.6;9.6
1999-08-23T00:00:00Z;-0.8;54.5;92.4;0.0
1999-08-24T00:00:00Z;0.1;23.2;89.4;17.4
1999-08-25T00:00:00Z;-0.5;3.3;92.8;27.3
1999-08-26T00:00:00Z;0.1;6.5;95.2;13.2
1999-08-27T00:00:00Z;-1.0;14.7;92.1;8.0
1999-08-28T00:00:00Z;-1.7;15.6;91.0;11.2
1999-08-29T00:00:00Z;-1.7;36.0;90.7;28.7
1999-08-30T00:00:00Z;1.1;22.1;95.4;0.1
1999-08-31T00:00:00Z;0.6;6.5;98.0;2.1
1999-09-01T00:00:00Z;0.4;11.7;96.4;60.2
1999-09-02T00:00:00Z;-0.3;8.5;95.4;0.7
1999-09-03T00:00:00Z;0.2;29.3;96.6;0.3
1999-09-04T00:00:00Z;-0.4;18.9;95.4;6.7
1999-09-05T00:00:00Z;-0.5;16.1;95.1;1.3
1999-09-06T00:00:00Z;-1.6;9.8;93.9;1.7
1999-09-07T00:00:00Z;-2.2;15.8;95.7;11.0
1999-09-08T00:00:00Z;-3.0;21.1;88.9;5.0
1999-09-09T00:00:00Z;-6.4;21.7;80.9;9.5
1999-09-10T00:00:00Z;-7.4;22.9;85.0;2.3
1999-09-11T00:00:00Z;-5.1;28.4;90.9;4.2
1999-09-12T00:00:00Z;-4.7;12.3;88.7;5.0
1999-09-13T00:00:00Z;-4.6;24.3;93.2;3.7
1999-09-14T00:00:00Z;-1.9;45.1;93.2;0.0
1999-09-15T00:00:00Z;-1.8;23.8;95.0;0.0
1999-09-16T00:00:00Z;-2.7;15.0;96.6;0.0
1999-09-17T00:00:00Z;-4.9;18.1;91.4;6.5
1999-09-18T00:00:00Z;-6.9;14.9;89.4;0.0
1999-09-19T00:00:00Z;-7.8;31.2;84.1;4.1
1999-09-20T00:00:00Z;-10.5;16.0;80.8;1.7
1999-09-21T00:00:00Z;-10.6;14.6;72.9;0.3
1999-09-22T00:00:00Z;-8.7;37.7;88.4;0.0
1999-09-23T00:00:00Z;-9.2;42.0;87.5;0.0
1999-09-24T00:00:00Z;-6.9;26.6;89.4;0.7
1999-09-25T00:00:00Z;-7.0;31.6;88.2;1.1
1999-09-26T00:00:00Z;-9.7;35.0;88.2;0.7
1999-09-27T00:00:00Z;-9.2;14.4;88.2;12.2
1999-09-28T00:00:00Z;-6.5;22.7;93.9;0.1
1999-09-29T00:00:00Z;-6.7;9.4;94.6;2.3
1999-09-30T00:00:00Z;-8.4;18.0;87.3;12.9
1999-10-01T00:00:00Z;-10.1;25.2;82.7;3.6
1999-10-02T00:00:00Z;-8.0;20.7;89.1;3.8
1999-10-03T00:00:00Z;-10.3;16.4;87.5;2.9
1999-10-04T00:00:00Z;-9.4;15.6;86.4;0.3
1999-10-05T00:00:00Z;-8.8;18.2;89.7;0.2
1999-10-06T00:00:00Z;-6.8;26.8;93.3;0.0
1999-10-07T00:00:00Z;-6.1;29.0;91.3;0.0
1999-10-08T00:00:00Z;-8.2;19.4;86.5;0.0
1999-10-09T00:00:00Z;-12.1;14.8;78.4;0.0
1999-10-10T00:00:00Z;-14.0;13.0;76.2;0.0
1999-10-11T00:00:00Z;-18.7;21.8;81.6;0.0
1999-10-12T00:00:00Z;-19.5;21.8;82.1;0.0
1999-10-13T00:00:00Z;-16.2;11.3;84.5;0.0
1999-10-14T00:00:00Z;-19.2;10.4;78.7;0.0
1999-10-15T00:00:00Z;-18.3;9.3;83.8;0.0
1999-10-16T00:00:00Z;-18.7;21.9;83.9;0.0
1999-10-17T00:00:00Z;-17.9;42.3;83.3;0.0
1999-10-18T00:00:00Z;-13.2;37.5;86.4;0.0
1999-10-19T00:00:00Z;-8.3;48.6;88.4;0.0
1999-10-20T00:00:00Z;-15.4;41.5;79.1;0.0
1999-10-21T00:00:00Z;-18.4;29.4;83.8;0.0
1999-10-22T00:00:00Z;-13.0;40.0;86.1;0.0
1999-10-23T00:00:00Z;-9.0;39.5;87.1;0.0
1999-10-24T00:00:00Z;-14.0;17.6;84.8;0.0
1999-10-25T00:00:00Z;-17.3;20.2;81.6;0.0
1999-10-26T00:00:00Z;-17.5;27.6;82.3;0.0
1999-10-27T00:00:00Z;-16.8;27.7;84.9;0.0
1999-10-28T00:00:00Z;-14.8;32.9;82.7;0.0
1999-10-29T00:00:00Z;-18.7;20.7;79.2;0.0
1999-10-30T00:00:00Z;-19.0;22.5;80.7;0.0
1999-10-31T00:00:00Z;-20.7;18.5;82.3;0.0
1999-11-01T00:00:00Z;-21.9;21.2;81.0;0.0
1999-11-02T00:00:00Z;-24.6;14.4;79.4;0.0
1999-11-03T00:00:00Z;-23.5;22.6;79.6;0.0
1999-11-04T00:00:00Z;-19.8;25.9;75.3;0.0
1999-11-05T00:00:00Z;-21.0;36.2;76.1;0.0
1999-11-06T00:00:00Z;-22.0;40.0;74.0;0.0
1999-11-07T00:00:00Z;-24.5;17.5;76.3;0.0
1999-11-08T00:00:00Z;-25.6;20.9;78.4;0.0
1999-11-09T00:00:00Z;-27.1;17.4;77.6;0.0
1999-11-10T00:00:00Z;-26.7;13.8;78.0;0.0
1999-11-11T00:00:00Z;-26.2;12.3;79.0;0.0
1999-11-12T00:00:00Z;-26.2;14.3;77.6;0.0
1999-11-13T00:00:00Z;-24.4;14.2;81.6;0.0
1999-11-14T00:00:00Z;-27.3;25.8;77.3;0.0
1999-11-15T00:00:00Z;-23.7;24.2;77.1;0.0
1999-11-16T00:00:00Z;-28.4;16.1;76.1;0.0
1999-11-17T00:00:00Z;-28.3;10.2;75.1;0.0
1999-11-18T00:00:00Z;-23.7;31.5;79.7;0.0
1999-11-19T00:00:00Z;-21.5;33.6;78.5;0.0
1999-11-20T00:00:00Z;-18.0;19.8;84.6;0.0
1999-11-21T00:00:00Z;-12.8;26.4;88.7;0.0
1999-11-22T00:00:00Z;-12.7;22.4;88.6;0.0
1999-11-23T00:00:00Z;-15.0;10.8;74.7;0.0
1999-11-24T00:00:00Z;-15.5;23.6;83.6;0.0
1999-11-25T00:00:00Z;-20.3;25.5;77.0;0.0
1999-11-26T00:00:00Z;-21.9;10.4;80.5;0.0
1999-11-27T00:00:00Z;-24.2;11.0;77.8;0.0
1999-11-28T00:00:00Z;-25.1;15.3;78.8;0.0
1999-11-29T00:00:00Z;-25.4;9.0;78.2;0.0
1999-11-30T00:00:00Z;-26.6;18.5;78.0;0.0
1999-12-01T00:00:00Z;-26.3;33.9;77.8;0.0
1999-12-02T00:00:00Z;-24.3;27.1;79.3;0.0
1999-12-03T00:00:00Z;-23.9;31.2;79.7;0.0
1999-12-04T00:00:00Z;-24.2;26.8;77.6;0.0
1999-12-05T00:00:00Z;-19.7;15.6;78.5;0.0
1999-12-06T00:00:00Z;-21.4;14.8;77.2;0.0
1999-12-07T00:00:00Z;-24.3;18.3;78.7;0.0
1999-12-08T00:00:00Z;-28.5;20.8;76.3;0.0
1999-12-09T00:00:00Z;-29.0;14.8;75.7;0.0
1999-12-10T00:00:00Z;-25.9;14.0;78.7;0.0
1999-12-11T00:00:00Z;-26.5;18.5;78.8;0.0
1999-12-12T00:00:00Z;-25.9;34.7;77.8;0.0
1999-12-13T00:00:00Z;-27.6;41.8;76.4;0.0
1999-12-14T00:00:00Z;-24.5;21.2;78.1;0.0
1999-12-15T00:00:00Z;-24.0;25.3;78.9;0.0
1999-12-16T00:00:00Z;-26.4;25.0;77.7;0.0
1999-12-17T00:00:00Z;-23.1;29.9;79.4;0.0
1999-12-18T00:00:00Z;-26.2;24.7;77.1;0.0
1999-12-19T00:00:00Z;-27.8;28.4;76.6;0.0
1999-12-20T00:00:00Z;-28.6;33.7;76.2;0.0
1999-12-21T00:00:00Z;-27.9;29.2;76.7;0.0
1999-12-22T00:00:00Z;-27.9;15.6;77.5;0.0
1999-12-23T00:00:00Z;-28.7;15.1;76.8;0.0
1999-12-24T00:00:00Z;-29.6;14.8;75.8;0.0
1999-12-25T00:00:00Z;-30.0;19.6;75.3;0.0
1999-12-26T00:00:00Z;-30.0;20.4;74.9;0.0
1999-12-27T00:00:00Z;-29.1;26.4;75.8;0.0
1999-12-28T00:00:00Z;-25.2;15.7;79.1;0.0
1999-12-29T00:00:00Z;-23.1;18.9;80.2;0.0
1999-12-30T00:00:00Z;-16.3;16.6;86.2;0.0
1999-12-31T00:00:00Z;-13.2;25.4;87.1;0.0
2000-01-01T00:00:00Z;-10.5;27.2;91.2;0.0
2000-01-02T00:00:00Z;-14.9;35.4;84.1;0.0
2000-01-03T00:00:00Z;-12.4;37.2;86.1;0.0
2000-01-04T00:00:00Z;-16.9;29.3;78.5;0.0
2000-01-05T00:00:00Z;-21.6;32.3;78.3;0.0
2000-01-06T00:00:00Z;-22.2;34.1;80.9;0.0
2000-01-07T00:00:00Z;-18.4;32.5;81.6;0.0
2000-01-08T00:00:00Z;-19.8;28.9;81.1;0.0
2000-01-09T00:00:00Z;-21.8;28.5;76.8;0.0
2000-01-10T00:00:00Z;-23.0;19.3;78.1;0.0
2000-01-11T00:00:00Z;-24.8;14.6;80.9;0.0
2000-01-12T00:00:00Z;-24.3;15.8;79.6;0.0
2000-01-13T00:00:00Z;-23.4;19.5;80.9;0.0
2000-01-14T00:00:00Z;-24.3;23.2;78.1;0.0
2000-01-15T00:00:00Z;-25.8;22.5;73.6;0.0
2000-01-16T00:00:00Z;-24.5;18.7;77.8;0.0
2000-01-17T00:00:00Z;-22.0;13.5;78.4;0.0
2000-01-18T00:00:00Z;-27.7;12.9;75.7;0.0
2000-01-19T00:00:00Z;-30.2;11.3;76.7;0.0
2000-01-20T00:00:00Z;-31.5;4.2;75.1;0.0
2000-01-21T00:00:00Z;-33.0;7.2;74.3;0.0
2000-01-22T00:00:00Z;-32.4;13.5;75.0;0.0
2000-01-23T00:00:00Z;-34.2;18.9;77.7;0.0
2000-01-24T00:00:00Z;-32.1;34.5;73.3;0.0
2000-01-25T00:00:00Z;-28.9;26.8;74.9;0.0
2000-01-26T00:00:00Z;-31.0;26.6;74.3;0.0
2000-01-27T00:00:00Z;-33.3;8.1;73.9;0.0
2000-01-28T00:00:00Z;-31.8;14.1;74.8;0.0
2000-01-29T00:00:00Z;-28.9;25.6;75.9;0.0
2000-01-30T00:00:00Z;-27.7;21.2;76.4;0.0
2000-01-31T00:00:00Z;-29.3;27.0;72.7;0.0
2000-02-01T00:00:00Z;-28.9;18.9;74.4;0.0
2000-02-02T00:00:00Z;-30.4;25.6;75.5;0.0
2000-02-03T00:00:00Z;-28.0;27.3;75.4;0.0
2000-02-04T00:00:00Z;-24.9;17.6;78.9;0.0
2000-02-05T00:00:00Z;-20.6;17.1;82.4;0.0
2000-02-06T00:00:00Z;-26.6;15.5;77.4;0.0
2000-02-07T00:00:00Z;-20.9;35.2;84.4;0.0
2000-02-08T00:00:00Z;-20.8;30.6;82.1;0.0
2000-02-09T00:00:00Z;-23.1;30.1;79.8;0.0
2000-02-10T00:00:00Z;-22.2;25.6;77.1;0.0
2000-02-11T00:00:00Z;-21.9;12.0;77.2;0.0
2000-02-12T00:00:00Z;-23.3;20.2;82.4;0.0
2000-02-13T00:00:00Z;-18.2;30.1;83.0;0.0
2000-02-14T00:00:00Z;-11.7;32.0;88.3;0.0
2000-02-15T00:00:00Z;-13.2;36.9;84.4;0.0
2000-02-16T00:00:00Z;-15.5;24.4;86.6;0.0
2000-02-17T00:00:00Z;-15.5;20.5;86.1;0.0
2000-02-18T00:00:00Z;-18.0;5.1;84.6;0.0
2000-02-19T00:00:00Z;-20.3;13.3;86.0;0.0
2000-02-20T00:00:00Z;-23.9;17.2;80.0;0.0
2000-02-21T00:00:00Z;-27.6;11.0;77.1;0.0
2000-02-22T00:00:00Z;-27.2;11.5;77.4;0.0
2000-02-23T00:00:00Z;-27.4;16.2;77.5;0.0
2000-02-24T00:00:00Z;-28.1;15.8;78.7;0.0
2000-02-25T00:00:00Z;-28.2;15.8;77.0;0.0
2000-02-26T00:00:00Z;-27.6;17.8;77.3;0.0
2000-02-27T00:00:00Z;-20.6;16.5;82.6;0.0
2000-02-28T00:00:00Z;-20.3;25.8;82.1;0.0
2000-02-29T00:00:00Z;-27.9;23.6;75.2;0.0
2000-03-01T00:00:00Z;-29.9;10.5;75.6;0.0
2000-03-02T00:00:00Z;-29.5;15.0;83.6;0.0
2000-03-03T00:00:00Z;-29.7;16.2;77.1;0.0
2000-03-04T00:00:00Z;-30.2;4.8;75.0;0.4
2000-03-05T00:00:00Z;-31.3;5.7;77.6;2.8
2000-03-06T00:00:00Z;-32.9;11.7;75.6;4.5
2000-03-07T00:00:00Z;-33.9;10.6;73.3;5.6
2000-03-08T00:00:00Z;-26.4;26.2;73.6;0.1
2000-03-09T00:00:00Z;-18.7;38.9;81.1;0.2
2000-03-10T00:00:00Z;-20.1;27.3;79.4;1.3
2000-03-11T00:00:00Z;-25.1;15.4;79.2;11.7
2000-03-12T00:00:00Z;-25.6;15.3;78.8;8.8
2000-03-13T00:00:00Z;-20.4;18.1;82.7;1.2
2000-03-14T00:00:00Z;-20.5;14.9;82.2;1.6
2000-03-15T00:00:00Z;-23.0;13.4;80.5;15.6
2000-03-16T00:00:00Z;-23.8;20.1;79.7;10.1
2000-03-17T00:00:00Z;-24.0;24.0;79.4;28.9
2000-03-18T00:00:00Z;-21.4;28.8;81.2;24.9
2000-03-19T00:00:00Z;-18.8;25.3;81.9;20.0
2000-03-20T00:00:00Z;-21.3;28.3;81.5;34.8
2000-03-21T00:00:00Z;-21.7;22.5;81.3;55.0
2000-03-22T00:00:00Z;-22.7;12.6;80.7;55.5
2000-03-23T00:00:00Z;-24.6;15.7;79.1;63.5
2000-03-24T00:00:00Z;-23.5;15.9;79.2;56.0
2000-03-25T00:00:00Z;-25.6;9.4;79.8;71.4
2000-03-26T00:00:00Z;-26.6;15.3;78.3;63.1
2000-03-27T00:00:00Z;-27.5;17.4;76.5;90.1
2000-03-28T00:00:00Z;-26.0;18.9;79.9;22.6
2000-03-29T00:00:00Z;-27.1;22.3;78.3;79.0
2000-03-30T00:00:00Z;-24.7;30.2;77.2;17.2
2000-03-31T00:00:00Z;-24.0;30.0;78.1;58.3
2000-04-01T00:00:00Z;-22.7;30.4;72.2;30.4
2000-04-02T00:00:00Z;-23.8;28.5;78.1;37.7
2000-04-03T00:00:00Z;-23.5;17.8;79.5;86.4
2000-04-04T00:00:00Z;-21.7;22.2;80.3;91.2
2000-04-05T00:00:00Z;-20.7;11.8;79.8;76.5
2000-04-06T00:00:00Z;-22.4;15.2;79.9;50.4
2000-04-07T00:00:00Z;-24.0;11.7;81.4;135.1
2000-04-08T00:00:00Z;-24.7;15.2;77.1;174.4
2000-04-09T00:00:00Z;-24.7;12.8;76.9;180.2
2000-04-10T00:00:00Z;-19.6;21.5;82.9;22.1
2000-04-11T00:00:00Z;-18.9;24.7;79.3;28.6
2000-04-12T00:00:00Z;-19.1;23.6;81.6;36.3
2000-04-13T00:00:00Z;-17.7;23.7;80.5;53.7
2000-04-14T00:00:00Z;-14.1;22.6;86.4;24.4
2000-04-15T00:00:00Z;-15.5;24.6;81.3;30.4
2000-04-16T00:00:00Z;-17.8;26.4;79.7;33.4
2000-04-17T00:00:00Z;-13.7;17.6;83.9;31.2
2000-04-18T00:00:00Z;-17.6;14.7;69.5;137.7
2000-04-19T00:00:00Z;-15.2;29.5;77.3;21.0
2000-04-20T00:00:00Z;-14.2;31.3;78.9;63.1
2000-04-21T00:00:00Z;-13.5;32.3;79.2;20.9
2000-04-22T00:00:00Z;-12.3;16.8;84.2;49.9
2000-04-23T00:00:00Z;-12.0;10.0;79.8;46.6
2000-04-24T00:00:00Z;-12.5;17.3;80.9;102.6
2000-04-25T00:00:00Z;-14.0;26.2;77.4;125.1
2000-04-26T00:00:00Z;-15.4;13.7;78.3;277.8
2000-04-27T00:00:00Z;-17.6;23.2;78.8;79.9
2000-04-28T00:00:00Z;-16.9;25.9;78.8;83.7
2000-04-29T00:00:00Z;-16.2;30.6;76.9;60.8
2000-04-30T00:00:00Z;-13.5;36.2;85.2;134.0
2000-05-01T00:00:00Z;-13.4;10.3;66.4;55.3
2000-05-02T00:00:00Z;-12.3;4.1;87.8;75.6
2000-05-03T00:00:00Z;-14.1;27.4;78.8;15.1
2000-05-04T00:00:00Z;-14.0;14.2;71.0;85.5
2000-05-05T00:00:00Z;-15.6;9.0;64.8;180.8
2000-05-06T00:00:00Z;-14.6;22.4;68.8;30.9
2000-05-07T00:00:00Z;-13.8;14.1;70.9;101.2
2000-05-08T00:00:00Z;-14.0;12.1;80.0;304.0
2000-05-09T00:00:00Z;-14.2;15.8;73.0;240.7
2000-05-10T00:00:00Z;-15.4;14.5;79.1;320.6
2000-05-11T00:00:00Z;-15.5;23.6;75.3;81.2
2000-05-12T00:00:00Z;-13.3;31.6;72.3;112.4
2000-05-13T00:00:00Z;-7.7;39.9;86.3;51.1
2000-05-14T00:00:00Z;-8.1;36.5;82.6;163.7
2000-05-15T00:00:00Z;-7.4;9.0;88.7;45.7
2000-05-16T00:00:00Z;-10.1;22.6;73.2;23.4
2000-05-17T00:00:00Z;-8.4;16.6;88.8;135.0
2000-05-18T00:00:00Z;-4.4;21.1;92.6;100.6
2000-05-19T00:00:00Z;-4.5;12.0;78.2;195.9
2000-05-20T00:00:00Z;-2.7;17.7;94.5;16.6
2000-05-21T00:00:00Z;-4.4;15.9;91.6;25.5
2000-05-22T00:00:00Z;-3.6;12.5;79.8;73.7
2000-05-23T00:00:00Z;-2.7;20.2;79.3;98.2
2000-05-24T00:00:00Z;-1.9;22.7;86.0;30.1
2000-05-25T00:00:00Z;0.4;21.3;93.0;24.8
2000-05-26T00:00:00Z;-2.8;21.9;92.8;34.8
2000-05-27T00:00:00Z;-4.3;21.2;83.0;23.5
2000-05-28T00:00:00Z;-2.5;24.0;82.8;16.5
2000-05-29T00:00:00Z;-0.7;22.7;92.1;12.1
2000-05-30T00:00:00Z;-0.2;17.7;90.3;64.6
2000-05-31T00:00:00Z;-2.2;12.5;69.7;203.3
2000-06-01T00:00:00Z;-1.7;15.5;81.7;122.8
2000-06-02T00:00:00Z;-1.6;24.2;82.2;87.8
2000-06-03T00:00:00Z;-1.1;52.6;93.3;0.0
2000-06-04T00:00:00Z;0.1;40.3;89.4;159.9
2000-06-05T00:00:00Z;-1.0;24.7;90.3;221.8
2000-06-06T00:00:00Z;-0.5;43.6;89.9;121.0
2000-06-07T00:00:00Z;-1.6;23.6;76.6;231.7
2000-06-08T00:00:00Z;-0.6;4.7;76.3;278.2
2000-06-09T00:00:00Z;-1.0;32.6;78.7;35.6
2000-06-10T00:00:00Z;0.4;33.8;94.7;4.0
2000-06-11T00:00:00Z;-0.3;30.5;83.1;251.6
2000-06-12T00:00:00Z;-0.1;15.7;74.9;185.2
2000-06-13T00:00:00Z;0.3;18.2;95.7;4.9
2000-06-14T00:00:00Z;0.5;10.5;80.1;32.5
2000-06-15T00:00:00Z;0.7;23.4;87.1;213.2
2000-06-16T00:00:00Z;0.3;27.3;87.4;33.5
2000-06-17T00:00:00Z;0.7;11.5;97.8;3.5
2000-06-18T00:00:00Z;0.2;8.6;81.5;60.7
2000-06-19T00:00:00Z;0.4;23.7;89.8;218.5
2000-06-20T00:00:00Z;0.6;11.2;81.9;79.3
2000-06-21T00:00:00Z;0.9;18.5;87.6;181.6
2000-06-22T00:00:00Z;0.4;44.2;93.4;3.6
2000-06-23T00:00:00Z;1.0;17.7;88.8;143.8
2000-06-24T00:00:00Z;0.6;30.5;95.5;1.8
2000-06-25T00:00:00Z;1.3;30.0;89.8;413.9
2000-06-26T00:00:00Z;0.5;11.4;99.6;2.0
2000-06-27T00:00:00Z;1.1;23.0;94.7;60.8
2000-06-28T00:00:00Z;1.0;33.3;91.3;105.2
2000-06-29T00:00:00Z;1.1;35.9;94.0;28.7
2000-06-30T00:00:00Z;1.0;47.5;95.9;26.7
2000-07-01T00:00:00Z;1.5;33.6;97.4;19.9
2000-07-02T00:00:00Z;0.7;14.8;97.7;22.8
2000-07-03T00:00:00Z;1.3;22.0;92.4;37.3
2000-07-04T00:00:00Z;1.0;23.9;96.9;2.9
2000-07-05T00:00:00Z;0.6;27.5;95.9;10.7
2000-07-06T00:00:00Z;0.7;24.5;95.5;9.7
2000-07-07T00:00:00Z;0.7;14.7;88.7;162.3
2000-07-08T00:00:00Z;0.5;15.5;85.3;59.9
2000-07-09T00:00:00Z;1.2;15.2;96.7;64.6
2000-07-10T00:00:00Z;1.2;13.3;97.8;20.5
2000-07-11T00:00:00Z;1.0;14.4;93.7;51.8
2000-07-12T00:00:00Z;0.1;19.3;89.5;62.2
2000-07-13T00:00:00Z;0.8;28.0;88.8;73.6
2000-07-14T00:00:00Z;0.7;13.7;98.9;1.5
2000-07-15T00:00:00Z;0.8;12.5;98.7;5.7
2000-07-16T00:00:00Z;0.6;28.3;94.5;78.8
2000-07-17T00:00:00Z;0.6;24.3;91.7;117.1
2000-07-18T00:00:00Z;0.3;12.3;98.6;0.7
2000-07-19T00:00:00Z;0.3;22.8;93.9;43.5
2000-07-20T00:00:00Z;0.8;15.4;97.7;9.1
2000-07-21T00:00:00Z;0.5;20.3;95.9;46.6
2000-07-22T00:00:00Z;0.4;22.5;99.1;0.1
2000-07-23T00:00:00Z;0.7;25.7;95.7;17.0
2000-07-24T00:00:00Z;0.4;18.5;88.3;48.1
2000-07-25T00:00:00Z;0.6;3.1;95.2;23.2
2000-07-26T00:00:00Z;0.8;9.7;93.1;231.4
2000-07-27T00:00:00Z;0.9;22.9;88.4;179.6
2000-07-28T00:00:00Z;0.9;11.2;90.5;243.5
2000-07-29T00:00:00Z;0.9;14.2;91.4;192.3
2000-07-30T00:00:00Z;1.1;12.0;98.1;19.0
2000-07-31T00:00:00Z;0.3;12.7;96.1;21.6
2000-08-01T00:00:00Z;0.4;3.3;94.4;1.3
2000-08-02T00:00:00Z;0.8;12.1;97.3;10.0
2000-08-03T00:00:00Z;1.3;38.4;93.5;1.1
2000-08-04T00:00:00Z;0.0;22.1;81.4;101.9
2000-08-05T00:00:00Z;0.6;22.1;85.8;47.8
2000-08-06T00:00:00Z;0.6;38.0;91.7;34.7
2000-08-07T00:00:00Z;0.1;34.8;90.9;7.2
2000-08-08T00:00:00Z;0.1;31.9;85.6;153.6
2000-08-09T00:00:00Z;-0.9;16.9;73.5;88.5
2000-08-10T00:00:00Z;-0.5;11.5;71.1;118.3
2000-08-11T00:00:00Z;0.5;11.3;87.7;136.6
2000-08-12T00:00:00Z;0.4;11.6;92.6;49.0
2000-08-13T00:00:00Z;0.7;11.2;82.3;163.9
2000-08-14T00:00:00Z;0.6;13.3;92.5;100.4
2000-08-15T00:00:00Z;-0.1;21.1;87.8;8.8
2000-08-16T00:00:00Z;-0.2;14.5;88.5;10.8
2000-08-17T00:00:00Z;0.4;30.4;89.5;31.2
2000-08-18T00:00:00Z;-0.9;27.4;84.0;12.1
2000-08-19T00:00:00Z;-1.3;11.0;81.5;22.4
2000-08-20T00:00:00Z;0.4;21.4;96.2;7.2
2000-08-21T00:00:00Z;-0.1;26.4;91.2;8.3
2000-08-22T00:00:00Z;-0.4;36.7;93.2;0.0
2000-08-23T00:00:00Z;0.4;20.4;98.0;22.8
2000-08-24T00:00:00Z;1.3;37.8;92.2;115.9
2000-08-25T00:00:00Z;0.2;38.1;91.7;51.6
2000-08-26T00:00:00Z;1.0;29.7;87.3;193.7
2000-08-27T00:00:00Z;-1.9;27.7;95.0;38.4
2000-08-28T00:00:00Z;-2.5;28.7;96.0;6.3
2000-08-29T00:00:00Z;-1.6;28.3;89.8;10.0
2000-08-30T00:00:00Z;-2.7;21.6;86.4;10.5
2000-08-31T00:00:00Z;-1.8;24.1;91.3;10.4
2000-09-01T00:00:00Z;-0.2;15.1;97.8;4.9
2000-09-02T00:00:00Z;-1.3;3.3;95.6;20.4
2000-09-03T00:00:00Z;-1.9;31.6;94.8;3.7
2000-09-04T00:00:00Z;-1.9;31.4;93.2;4.3
2000-09-05T00:00:00Z;-3.3;18.2;90.7;1.6
2000-09-06T00:00:00Z;-4.8;17.4;84.9;20.6
2000-09-07T00:00:00Z;-2.1;20.6;94.8;5.9
2000-09-08T00:00:00Z;-1.6;19.8;95.8;3.8
2000-09-09T00:00:00Z;-3.3;25.7;86.0;6.9
2000-09-10T00:00:00Z;-5.3;16.4;89.2;8.4
2000-09-11T00:00:00Z;-3.9;15.5;93.6;4.8
2000-09-12T00:00:00Z;-3.7;12.0;95.0;1.8
2000-09-13T00:00:00Z;-3.2;15.8;95.9;1.1
2000-09-14T00:00:00Z;-4.7;12.1;86.4;2.3
2000-09-15T00:00:00Z;-6.2;17.3;76.3;11.9
2000-09-16T00:00:00Z;-5.0;19.1;94.0;2.4
2000-09-17T00:00:00Z;-8.7;6.2;84.8;46.3
2000-09-18T00:00:00Z;-5.3;28.9;89.6;3.7
2000-09-19T00:00:00Z;-8.4;50.8;85.8;3.4
2000-09-20T00:00:00Z;-5.8;35.8;89.3;0.8
2000-09-21T00:00:00Z;-8.5;26.1;79.7;10.1
2000-09-22T00:00:00Z;-10.5;12.0;82.5;22.6
2000-09-23T00:00:00Z;-10.7;21.6;85.4;2.1
2000-09-24T00:00:00Z;-4.4;38.6;92.9;0.1
2000-09-25T00:00:00Z;-4.8;15.1;95.3;0.8
2000-09-26T00:00:00Z;-8.3;19.5;81.2;0.0
2000-09-27T00:00:00Z;-11.6;17.2;86.5;25.7
2000-09-28T00:00:00Z;-7.3;14.4;93.8;1.6
2000-09-29T00:00:00Z;-10.3;11.6;85.7;5.6
2000-09-30T00:00:00Z;-13.6;2.7;78.4;7.0
2000-10-01T00:00:00Z;-12.5;30.0;87.6;1.1
2000-10-02T00:00:00Z;-13.8;39.7;82.5;2.8
2000-10-03T00:00:00Z;-14.3;25.7;84.3;2.0
2000-10-04T00:00:00Z;-11.0;38.6;86.3;0.0
2000-10-05T00:00:00Z;-12.4;29.4;85.9;0.0
2000-10-06T00:00:00Z;-12.9;32.9;82.9;0.0
2000-10-07T00:00:00Z;-9.6;44.9;89.1;0.0
2000-10-08T00:00:00Z;-16.4;27.1;80.0;0.0
2000-10-09T00:00:00Z;-17.8;6.0;78.8;0.3
2000-10-10T00:00:00Z;-17.7;25.1;79.4;0.0
2000-10-11T00:00:00Z;-18.5;17.8;73.4;0.0
2000-10-12T00:00:00Z;-17.2;36.5;81.1;0.0
2000-10-13T00:00:00Z;-16.8;24.6;85.4;0.0
2000-10-14T00:00:00Z;-12.6;21.3;90.7;0.0
2000-10-15T00:00:00Z;-13.5;32.0;82.6;0.0
2000-10-16T00:00:00Z;-12.6;40.0;86.1;0.0
2000-10-17T00:00:00Z;-12.4;32.4;87.1;0.0
2000-10-18T00:00:00Z;-12.1;22.7;88.1;0.0
2000-10-19T00:00:00Z;-12.2;14.2;86.3;0.0
2000-10-20T00:00:00Z;-14.4;15.2;84.5;0.0
2000-10-21T00:00:00Z;-16.0;16.4;82.2;0.0
2000-10-22T00:00:00Z;-20.2;9.1;76.7;0.0
2000-10-23T00:00:00Z;-21.4;11.3;86.3;0.0
2000-10-24T00:00:00Z;-17.7;10.6;84.8;0.0
2000-10-25T00:00:00Z;-19.1;8.3;87.3;0.0
2000-10-26T00:00:00Z;-20.7;4.6;82.0;0.0
2000-10-27T00:00:00Z;-23.4;6.5;79.9;0.0
2000-10-28T00:00:00Z;-23.5;3.2;81.9;0.0
2000-10-29T00:00:00Z;-24.2;3.4;78.0;0.0
2000-10-30T00:00:00Z;-22.5;14.1;78.9;0.0
2000-10-31T00:00:00Z;-21.6;30.3;81.4;0.0
2000-11-01T00:00:00Z;-22.6;21.3;80.4;0.0
2000-11-02T00:00:00Z;-26.7;8.6;77.3;0.0
2000-11-03T00:00:00Z;-21.9;10.5;81.2;0.0
2000-11-04T00:00:00Z;-24.7;22.5;78.9;0.0
2000-11-05T00:00:00Z;-28.8;23.0;80.5;0.0
2000-11-06T00:00:00Z;-23.0;35.1;79.9;0.0
2000-11-07T00:00:00Z;-23.4;17.3;80.9;0.0
2000-11-08T00:00:00Z;-26.3;15.5;78.4;0.0
2000-11-09T00:00:00Z;-25.4;25.5;78.7;0.0
2000-11-10T00:00:00Z;-17.6;30.1;77.1;0.0
2000-11-11T00:00:00Z;-21.2;27.9;81.7;0.0
2000-11-12T00:00:00Z;-24.0;7.3;79.3;0.0
2000-11-13T00:00:00Z;-21.1;27.0;82.7;0.0
2000-11-14T00:00:00Z;-22.5;20.8;80.7;0.0
2000-11-15T00:00:00Z;-16.7;27.8;84.7;0.0
2000-11-16T00:00:00Z;-16.4;19.2;85.9;0.0
2000-11-17T00:00:00Z;-22.8;23.8;78.3;0.0
2000-11-18T00:00:00Z;-25.5;8.4;78.6;0.0
2000-11-19T00:00:00Z;-23.3;30.3;78.6;0.0
2000-11-20T00:00:00Z;-12.1;41.9;85.6;0.0
2000-11-21T00:00:00Z;-15.7;15.6;86.4;0.0
2000-11-22T00:00:00Z;-16.3;42.7;79.9;0.0
2000-11-23T00:00:00Z;-22.1;34.7;78.0;0.0
2000-11-24T00:00:00Z;-23.6;21.3;80.1;0.0
2000-11-25T00:00:00Z;-25.4;12.6;78.7;0.0
2000-11-26T00:00:00Z;-26.1;2.8;78.1;0.0
2000-11-27T00:00:00Z;-28.1;12.7;77.0;0.0
2000-11-28T00:00:00Z;-26.9;15.6;78.3;0.0
2000-11-29T00:00:00Z;-28.2;6.6;77.7;0.0
2000-11-30T00:00:00Z;-29.0;8.6;77.8;0.0
2000-12-01T00:00:00Z;-31.1;8.4;76.3;0.0
2000-12-02T00:00:00Z;-31.0;11.2;77.7;0.0
2000-12-03T00:00:00Z;-30.4;17.7;75.2;0.0
2000-12-04T00:00:00Z;-27.2;22.0;78.0;0.0
2000-12-05T00:00:00Z;-29.2;15.8;76.6;0.0
2000-12-06T00:00:00Z;-27.4;28.2;76.3;0.0
2000-12-07T00:00:00Z;-28.6;26.0;77.2;0.0
2000-12-08T00:00:00Z;-28.3;34.5;72.1;0.0
2000-12-09T00:00:00Z;-21.4;42.6;76.5;0.0
2000-12-10T00:00:00Z;-22.7;30.3;79.8;0.0
2000-12-11T00:00:00Z;-17.4;52.3;73.3;0.0
2000-12-12T00:00:00Z;-20.2;20.0;80.6;0.0
2000-12-13T00:00:00Z;-19.7;36.3;77.5;0.0
2000-12-14T00:00:00Z;-20.7;16.3;85.2;0.0
2000-12-15T00:00:00Z;-17.0;18.1;85.0;0.0
2000-12-16T00:00:00Z;-13.9;10.7;88.2;0.0
2000-12-17T00:00:00Z;-20.7;14.5;79.3;0.0
2000-12-18T00:00:00Z;-23.2;9.0;81.3;0.0
2000-12-19T00:00:00Z;-17.8;18.0;84.6;0.0
2000-12-20T00:00:00Z;-20.8;28.1;75.9;0.0
2000-12-21T00:00:00Z;-20.0;21.4;86.4;0.0
2000-12-22T00:00:00Z;-23.6;16.6;77.8;0.0
2000-12-23T00:00:00Z;-16.5;40.4;83.7;0.0
2000-12-24T00:00:00Z;-14.0;27.7;84.8;0.0
2000-12-25T00:00:00Z;-20.4;20.2;80.3;0.0
2000-12-26T00:00:00Z;-21.6;20.9;81.5;0.0
2000-12-27T00:00:00Z;-25.4;9.9;79.6;0.0
2000-12-28T00:00:00Z;-25.0;25.7;79.0;0.0
2000-12-29T00:00:00Z;-26.2;9.2;78.2;0.0
2000-12-30T00:00:00Z;-25.5;17.2;78.5;0.0
2000-12-31T00:00:00Z;-26.5;17.0;79.7;0.0
2001-01-01T00:00:00Z;-28.9;14.4;77.5;0.0
2001-01-02T00:00:00Z;-28.0;8.4;77.1;0.0
2001-01-03T00:00:00Z;-27.6;22.5;76.9;0.0
2001-01-04T00:00:00Z;-30.7;28.5;74.1;0.0
2001-01-05T00:00:00Z;-32.3;26.5;73.5;0.0
2001-01-06T00:00:00Z;-31.4;18.8;74.6;0.0
2001-01-07T00:00:00Z;-26.8;29.3;75.4;0.0
2001-01-08T00:00:00Z;-20.8;20.0;82.1;0.0
2001-01-09T00:00:00Z;-21.6;10.6;81.5;0.0
2001-01-10T00:00:00Z;-22.5;19.5;85.1;0.0
2001-01-11T00:00:00Z;-27.3;16.2;84.0;0.0
2001-01-12T00:00:00Z;-25.9;9.4;74.0;0.0
2001-01-13T00:00:00Z;-27.8;8.1;80.1;0.0
2001-01-14T00:00:00Z;-20.0;12.3;83.4;0.0
2001-01-15T00:00:00Z;-25.0;10.9;83.1;0.0
2001-01-16T00:00:00Z;-26.2;15.8;77.0;0.0
2001-01-17T00:00:00Z;-28.1;8.3;76.9;0.0
2001-01-18T00:00:00Z;-25.4;26.3;76.1;0.0
2001-01-19T00:00:00Z;-25.3;16.9;84.9;0.0
2001-01-20T00:00:00Z;-28.3;9.5;76.9;0.0
2001-01-21T00:00:00Z;-31.2;6.1;75.1;0.0
2001-01-22T00:00:00Z;-32.2;13.4;76.7;0.0
2001-01-23T00:00:00Z;-31.1;12.4;74.7;0.0
2001-01-24T00:00:00Z;-30.0;14.9;78.7;0.0
2001-01-25T00:00:00Z;-29.3;16.2;76.2;0.0
2001-01-26T00:00:00Z;-29.9;13.1;75.8;0.0
2001-01-27T00:00:00Z;-31.1;14.8;75.1;0.0
2001-01-28T00:00:00Z;-31.9;14.5;74.5;0.0
2001-01-29T00:00:00Z;-31.6;17.2;74.2;0.0
2001-01-30T00:00:00Z;-27.7;30.3;76.6;0.0
2001-01-31T00:00:00Z;-22.2;30.8;80.8;0.0
2001-02-01T00:00:00Z;-14.0;38.7;87.7;0.0
2001-02-02T00:00:00Z;-24.0;45.0;71.5;0.0
2001-02-03T00:00:00Z;-25.6;18.5;78.4;0.0
2001-02-04T00:00:00Z;-29.5;14.9;77.5;0.0
2001-02-05T00:00:00Z;-31.9;12.9;74.6;0.0
2001-02-06T00:00:00Z;-28.1;17.7;76.8;0.0
2001-02-07T00:00:00Z;-30.6;6.4;77.8;0.0
2001-02-08T00:00:00Z;-31.8;6.1;77.9;0.0
2001-02-09T00:00:00Z;-33.5;10.7;73.6;0.0
2001-02-10T00:00:00Z;-28.6;32.1;73.9;0.0
2001-02-11T00:00:00Z;-23.6;36.9;78.9;0.0
2001-02-12T00:00:00Z;-23.9;31.2;79.1;0.0
2001-02-13T00:00:00Z;-22.7;16.5;79.5;0.0
2001-02-14T00:00:00Z;-27.3;9.8;83.3;0.0
2001-02-15T00:00:00Z;-23.9;22.9;79.7;0.0
2001-02-16T00:00:00Z;-28.1;11.6;76.8;0.0
2001-02-17T00:00:00Z;-28.4;8.6;77.3;0.0
2001-02-18T00:00:00Z;-29.5;14.5;77.3;0.0
2001-02-19T00:00:00Z;-23.1;33.2;75.4;0.0
2001-02-20T00:00:00Z;-19.5;19.6;83.2;0.0
2001-02-21T00:00:00Z;-26.4;19.6;78.2;0.0
2001-02-22T00:00:00Z;-23.4;28.1;73.0;0.0
2001-02-23T00:00:00Z;-24.6;15.6;79.1;0.0
2001-02-24T00:00:00Z;-25.3;22.9;78.5;0.0
2001-02-25T00:00:00Z;-27.0;30.2;77.3;0.0
2001-02-26T00:00:00Z;-27.0;21.8;77.6;0.0
2001-02-27T00:00:00Z;-28.8;7.1;77.2;0.0
2001-02-28T00:00:00Z;-29.0;13.8;78.2;0.0
2001-03-01T00:00:00Z;-28.1;15.3;76.5;0.0
2001-03-02T00:00:00Z;-27.2;15.8;77.2;0.0
2001-03-03T00:00:00Z;-27.2;13.1;74.1;0.0
2001-03-04T00:00:00Z;-28.8;17.1;78.0;0.9
2001-03-05T00:00:00Z;-30.8;14.4;74.8;2.8
2001-03-06T00:00:00Z;-31.5;12.5;75.4;4.7
2001-03-07T00:00:00Z;-30.0;20.4;71.0;6.9
2001-03-08T00:00:00Z;-25.7;28.7;77.2;5.3
2001-03-09T00:00:00Z;-22.6;34.2;70.7;0.1
2001-03-10T00:00:00Z;-23.1;32.9;68.4;14.4
2001-03-11T00:00:00Z;-26.4;26.1;77.8;14.0
2001-03-12T00:00:00Z;-26.7;26.3;77.8;19.1
2001-03-13T00:00:00Z;-24.5;24.4;74.3;24.9
2001-03-14T00:00:00Z;-23.6;23.7;68.9;25.1
2001-03-15T00:00:00Z;-26.1;19.7;77.9;31.9
2001-03-16T00:00:00Z;-27.1;19.5;77.4;26.9
2001-03-17T00:00:00Z;-24.1;23.5;73.1;11.8
2001-03-18T00:00:00Z;-24.9;22.2;75.1;25.9
2001-03-19T00:00:00Z;-27.2;24.1;77.0;48.1
2001-03-20T00:00:00Z;-22.6;18.2;80.4;0.1
2001-03-21T00:00:00Z;-22.7;8.5;79.9;11.0
2001-03-22T00:00:00Z;-26.7;16.3;78.2;38.3
2001-03-23T00:00:00Z;-28.7;9.8;76.4;69.7
2001-03-24T00:00:00Z;-26.5;21.9;77.9;52.3
2001-03-25T00:00:00Z;-22.8;19.0;79.3;0.5
2001-03-26T00:00:00Z;-23.5;14.1;80.4;45.1
2001-03-27T00:00:00Z;-29.0;13.2;75.3;89.3
2001-03-28T00:00:00Z;-32.5;11.7;72.4;99.3
2001-03-29T00:00:00Z;-35.6;25.1;68.3;107.2
2001-03-30T00:00:00Z;-32.7;18.0;74.1;84.3
2001-03-31T00:00:00Z;-24.4;23.0;79.5;11.3
2001-04-01T00:00:00Z;-20.1;28.9;82.7;1.1
2001-04-02T00:00:00Z;-23.4;12.1;75.4;64.0
2001-04-03T00:00:00Z;-25.4;15.0;77.7;79.1
2001-04-04T00:00:00Z;-26.0;7.9;78.1;93.1
2001-04-05T00:00:00Z;-25.5;10.6;76.9;72.0
2001-04-06T00:00:00Z;-20.9;8.0;81.9;17.1
2001-04-07T00:00:00Z;-24.7;11.3;78.8;105.7
2001-04-08T00:00:00Z;-22.3;16.1;79.5;60.0
2001-04-09T00:00:00Z;-23.6;16.8;79.5;102.9
2001-04-10T00:00:00Z;-22.4;24.9;80.0;28.9
2001-04-11T00:00:00Z;-22.5;23.4;79.2;95.3
2001-04-12T00:00:00Z;-22.1;26.1;78.4;95.3
2001-04-13T00:00:00Z;-21.2;25.6;76.0;45.3
2001-04-14T00:00:00Z;-22.4;16.1;78.6;110.9
2001-04-15T00:00:00Z;-22.0;21.3;79.9;181.4
2001-04-16T00:00:00Z;-18.2;42.7;77.5;23.1
2001-04-17T00:00:00Z;-14.1;49.2;83.6;9.5
2001-04-18T00:00:00Z;-15.4;20.7;81.0;9.2
2001-04-19T00:00:00Z;-13.6;42.4;78.3;4.6
2001-04-20T00:00:00Z;-15.3;56.2;74.1;23.4
2001-04-21T00:00:00Z;-13.6;24.0;82.1;0.0
2001-04-22T00:00:00Z;-15.2;13.4;85.1;127.3
2001-04-23T00:00:00Z;-19.2;14.5;68.7;184.3
2001-04-24T00:00:00Z;-16.5;25.9;78.8;152.2
2001-04-25T00:00:00Z;-17.6;16.4;79.6;30.6
2001-04-26T00:00:00Z;-17.5;11.8;83.0;240.2
2001-04-27T00:00:00Z;-19.2;10.2;72.8;214.5
2001-04-28T00:00:00Z;-18.8;8.3;80.8;292.1
2001-04-29T00:00:00Z;-17.6;6.1;81.1;146.5
2001-04-30T00:00:00Z;-16.3;2.9;82.5;77.6
2001-05-01T00:00:00Z;-17.0;15.2;81.2;81.0
2001-05-02T00:00:00Z;-16.4;10.3;82.8;271.1
2001-05-03T00:00:00Z;-14.0;21.6;82.5;115.5
2001-05-04T00:00:00Z;-12.8;21.4;76.0;109.9
2001-05-05T00:00:00Z;-12.0;11.6;83.7;90.9
2001-05-06T00:00:00Z;-10.9;19.9;83.6;229.9
2001-05-07T00:00:00Z;-11.4;23.1;73.3;71.2
2001-05-08T00:00:00Z;-9.7;23.6;87.1;30.6
2001-05-09T00:00:00Z;-12.3;19.5;82.6;29.1
2001-05-10T00:00:00Z;-11.6;28.4;75.7;42.4
2001-05-11T00:00:00Z;-10.3;34.1;79.5;69.7
2001-05-12T00:00:00Z;-10.4;31.8;73.0;98.2
2001-05-13T00:00:00Z;-11.0;22.6;74.7;59.7
2001-05-14T00:00:00Z;-8.9;21.0;84.2;108.3
2001-05-15T00:00:00Z;-10.5;15.0;67.1;148.1
2001-05-16T00:00:00Z;-10.6;12.0;82.0;258.0
2001-05-17T00:00:00Z;-11.2;17.2;83.6;216.1
2001-05-18T00:00:00Z;-11.3;10.4;63.9;80.4
2001-05-19T00:00:00Z;-10.9;9.1;61.2;187.7
2001-05-20T00:00:00Z;-10.8;13.0;66.3;95.8
2001-05-21T00:00:00Z;-10.5;10.7;65.6;50.3
2001-05-22T00:00:00Z;-9.7;5.0;66.0;226.0
2001-05-23T00:00:00Z;-9.2;14.7;77.1;70.0
2001-05-24T00:00:00Z;-8.8;4.3;86.2;387.1
2001-05-25T00:00:00Z;-5.4;35.7;92.0;0.4
2001-05-26T00:00:00Z;-3.3;24.3;93.9;0.1
2001-05-27T00:00:00Z;-4.0;19.0;79.0;16.7
2001-05-28T00:00:00Z;-6.1;16.3;68.6;171.9
2001-05-29T00:00:00Z;-6.2;11.5;76.2;272.1
2001-05-30T00:00:00Z;-5.6;30.2;86.2;1.8
2001-05-31T00:00:00Z;-6.1;51.5;87.0;0.0
2001-06-01T00:00:00Z;-5.9;27.0;78.5;251.0
2001-06-02T00:00:00Z;-4.4;13.1;67.3;93.2
2001-06-03T00:00:00Z;-2.9;21.0;84.6;63.4
2001-06-04T00:00:00Z;-3.0;17.4;72.2;162.0
2001-06-05T00:00:00Z;-1.9;35.9;90.5;294.6
2001-06-06T00:00:00Z;-1.1;33.3;92.3;37.3
2001-06-07T00:00:00Z;0.6;53.6;91.3;75.9
2001-06-08T00:00:00Z;-2.1;42.3;80.6;290.9
2001-06-09T00:00:00Z;-1.5;13.0;75.8;244.8
2001-06-10T00:00:00Z;-1.4;27.0;83.4;51.6
2001-06-11T00:00:00Z;-0.2;21.2;87.0;214.2
2001-06-12T00:00:00Z;-0.0;26.7;83.5;312.6
2001-06-13T00:00:00Z;0.3;33.9;91.2;115.5
2001-06-14T00:00:00Z;-0.2;32.4;89.4;338.3
2001-06-15T00:00:00Z;0.4;49.9;94.4;10.2
2001-06-16T00:00:00Z;0.4;30.8;90.8;334.6
2001-06-17T00:00:00Z;0.0;15.6;79.2;323.2
2001-06-18T00:00:00Z;0.1;20.3;78.8;271.4
2001-06-19T00:00:00Z;0.7;28.5;91.5;129.4
2001-06-20T00:00:00Z;0.8;15.4;91.5;177.8
2001-06-21T00:00:00Z;0.9;19.5;92.8;182.4
2001-06-22T00:00:00Z;0.8;14.7;94.7;5.0
2001-06-23T00:00:00Z;0.4;20.9;98.0;0.0
2001-06-24T00:00:00Z;0.9;27.7;93.4;44.4
2001-06-25T00:00:00Z;0.2;29.5;90.5;0.3
2001-06-26T00:00:00Z;1.1;13.4;83.7;173.4
2001-06-27T00:00:00Z;0.8;0.7;94.2;22.1
2001-06-28T00:00:00Z;1.0;27.8;93.6;75.0
2001-06-29T00:00:00Z;0.9;23.2;88.9;117.5
2001-06-30T00:00:00Z;2.7;40.4;90.8;191.5
2001-07-01T00:00:00Z;0.6;18.8;98.9;0.0
2001-07-02T00:00:00Z;1.2;30.9;89.9;179.9
2001-07-03T00:00:00Z;0.5;42.0;89.9;56.0
2001-07-04T00:00:00Z;0.9;26.5;95.8;2.6
2001-07-05T00:00:00Z;0.8;23.9;90.8;159.7
2001-07-06T00:00:00Z;1.2;14.3;90.3;163.8
2001-07-07T00:00:00Z;1.0;10.3;88.0;52.9
2001-07-08T00:00:00Z;0.7;20.4;86.6;55.8
2001-07-09T00:00:00Z;1.0;34.3;96.0;6.4
2001-07-10T00:00:00Z;0.2;30.0;96.3;5.7
2001-07-11T00:00:00Z;0.9;22.0;97.4;9.8
2001-07-12T00:00:00Z;0.3;22.1;97.2;0.7
2001-07-13T00:00:00Z;0.2;25.8;92.6;26.1
2001-07-14T00:00:00Z;0.5;31.7;95.4;1.4
2001-07-15T00:00:00Z;0.7;23.3;96.0;12.5
2001-07-16T00:00:00Z;0.7;8.5;95.5;18.7
2001-07-17T00:00:00Z;0.4;28.8;96.8;0.6
2001-07-18T00:00:00Z;0.6;30.3;92.4;90.7
2001-07-19T00:00:00Z;0.5;23.7;96.8;54.2
2001-07-20T00:00:00Z;0.5;15.3;97.8;3.6
2001-07-21T00:00:00Z;0.5;22.8;96.7;4.8
2001-07-22T00:00:00Z;0.8;36.5;93.8;2.2
2001-07-23T00:00:00Z;0.5;31.6;94.9;0.0
2001-07-24T00:00:00Z;0.9;11.2;91.6;150.7
2001-07-25T00:00:00Z;0.8;9.8;90.6;61.6
2001-07-26T00:00:00Z;0.4;23.2;84.4;2.3
2001-07-27T00:00:00Z;0.8;15.9;91.7;152.3
2001-07-28T00:00:00Z;0.3;28.2;98.4;0.1
2001-07-29T00:00:00Z;0.8;6.3;85.1;23.5
2001-07-30T00:00:00Z;0.5;20.8;98.1;0.5
2001-07-31T00:00:00Z;0.6;25.7;94.6;21.1
2001-08-01T00:00:00Z;0.6;19.2;94.3;50.3
2001-08-02T00:00:00Z;0.2;34.4;96.6;0.4
2001-08-03T00:00:00Z;2.3;31.0;94.8;17.8
2001-08-04T00:00:00Z;0.3;18.4;96.6;3.4
2001-08-05T00:00:00Z;-0.1;29.7;94.6;4.8
2001-08-06T00:00:00Z;0.2;33.8;91.2;19.6
2001-08-07T00:00:00Z;0.2;19.8;95.5;19.5
2001-08-08T00:00:00Z;0.3;20.3;92.9;15.4
2001-08-09T00:00:00Z;0.3;33.1;92.9;67.8
2001-08-10T00:00:00Z;-0.8;45.7;88.5;5.4
2001-08-11T00:00:00Z;-0.0;37.3;89.1;105.0
2001-08-12T00:00:00Z;0.1;20.2;89.2;96.0
2001-08-13T00:00:00Z;0.3;24.3;91.6;66.5
2001-08-14T00:00:00Z;0.1;32.0;89.3;51.5
2001-08-15T00:00:00Z;0.2;25.9;89.6;114.2
2001-08-16T00:00:00Z;-0.0;20.7;95.3;1.3
2001-08-17T00:00:00Z;0.4;22.1;97.2;1.2
2001-08-18T00:00:00Z;0.5;26.8;93.0;131.7
2001-08-19T00:00:00Z;1.4;29.4;97.0;17.8
2001-08-20T00:00:00Z;-0.8;33.8;95.9;21.5
2001-08-21T00:00:00Z;-0.9;17.6;92.2;9.4
2001-08-22T00:00:00Z;-1.6;3.0;80.8;19.4
2001-08-23T00:00:00Z;-1.5;2.6;76.3;44.3
2001-08-24T00:00:00Z;-0.3;11.4;92.6;3.0
2001-08-25T00:00:00Z;-1.1;3.9;85.9;10.8
2001-08-26T00:00:00Z;-0.9;7.7;92.0;23.8
2001-08-27T00:00:00Z;-0.9;10.6;87.3;29.9
2001-08-28T00:00:00Z;-1.4;13.8;90.4;7.3
2001-08-29T00:00:00Z;-1.6;7.3;81.3;31.5
2001-08-30T00:00:00Z;-2.0;5.4;90.4;7.0
2001-08-31T00:00:00Z;-3.9;22.7;82.8;122.8
2001-09-01T00:00:00Z;-5.3;20.3;90.0;101.7
2001-09-02T00:00:00Z;-4.1;22.6;89.6;4.4
2001-09-03T00:00:00Z;-4.2;35.1;88.1;14.9
2001-09-04T00:00:00Z;-6.4;18.4;81.2;23.8
2001-09-05T00:00:00Z;-6.1;19.7;89.4;5.9
2001-09-06T00:00:00Z;-3.2;23.7;92.9;18.7
2001-09-07T00:00:00Z;-4.7;28.2;89.1;0.1
2001-09-08T00:00:00Z;-5.2;9.1;83.6;4.4
2001-09-09T00:00:00Z;-6.1;1.5;92.8;8.0
2001-09-10T00:00:00Z;-5.0;18.4;94.1;0.0
2001-09-11T00:00:00Z;-4.3;9.4;93.7;0.4
2001-09-12T00:00:00Z;-3.7;7.8;94.2;6.2
2001-09-13T00:00:00Z;-3.3;26.0;95.2;0.0
2001-09-14T00:00:00Z;-2.1;19.9;93.6;1.9
2001-09-15T00:00:00Z;-3.0;33.9;91.7;1.0
2001-09-16T00:00:00Z;-3.9;10.8;93.4;2.4
2001-09-17T00:00:00Z;-5.0;28.5;91.6;0.8
2001-09-18T00:00:00Z;-3.6;35.8;91.7;0.0
2001-09-19T00:00:00Z;-4.9;24.3;91.2;3.7
2001-09-20T00:00:00Z;-7.9;25.6;85.7;2.5
2001-09-21T00:00:00Z;-4.4;19.0;94.9;0.6
2001-09-22T00:00:00Z;-4.7;10.8;95.1;1.3
2001-09-23T00:00:00Z;-5.1;14.6;93.1;1.4
2001-09-24T00:00:00Z;-5.1;11.9;94.7;1.2
2001-09-25T00:00:00Z;-7.6;11.3;89.2;1.6
2001-09-26T00:00:00Z;-9.0;3.0;84.3;0.7
2001-09-27T00:00:00Z;-8.9;9.3;88.5;1.9
2001-09-28T00:00:00Z;-12.6;10.3;85.1;0.4
2001-09-29T00:00:00Z;-10.8;11.9;90.0;1.7
2001-09-30T00:00:00Z;-7.1;18.4;91.6;0.0
2001-10-01T00:00:00Z;-10.8;28.9;83.2;0.0
2001-10-02T00:00:00Z;-10.2;22.5;89.9;0.0
2001-10-03T00:00:00Z;-11.1;11.7;90.1;1.9
2001-10-04T00:00:00Z;-12.3;22.0;86.8;1.5
2001-10-05T00:00:00Z;-14.0;29.9;77.1;1.1
2001-10-06T00:00:00Z;-9.1;33.4;89.3;0.0
2001-10-07T00:00:00Z;-10.0;24.1;86.8;0.0
2001-10-08T00:00:00Z;-12.0;9.7;89.2;0.2
2001-10-09T00:00:00Z;-13.3;24.6;84.4;0.0
2001-10-10T00:00:00Z;-12.6;13.6;89.3;0.0
2001-10-11T00:00:00Z;-13.6;11.7;85.6;0.0
2001-10-12T00:00:00Z;-13.0;21.7;87.2;0.0
2001-10-13T00:00:00Z;-9.9;14.0;92.7;0.0
2001-10-14T00:00:00Z;-13.3;22.2;82.2;0.0
2001-10-15T00:00:00Z;-17.1;24.9;81.6;0.0
2001-10-16T00:00:00Z;-16.0;11.4;86.0;0.0
2001-10-17T00:00:00Z;-15.7;9.9;88.5;0.0
2001-10-18T00:00:00Z;-18.7;7.4;83.6;0.0
2001-10-19T00:00:00Z;-18.9;11.8;83.0;0.0
2001-10-20T00:00:00Z;-15.7;18.1;86.5;0.0
2001-10-21T00:00:00Z;-16.9;35.4;83.2;0.0
2001-10-22T00:00:00Z;-16.3;42.0;81.3;0.0
2001-10-23T00:00:00Z;-11.6;38.7;80.5;0.0
2001-10-24T00:00:00Z;-11.9;42.1;84.6;0.0
2001-10-25T00:00:00Z;-14.0;27.0;87.2;0.0
2001-10-26T00:00:00Z;-16.8;37.4;81.1;0.0
2001-10-27T00:00:00Z;-19.6;30.6;81.4;0.0
2001-10-28T00:00:00Z;-17.0;16.7;85.0;0.0
2001-10-29T00:00:00Z;-21.6;16.9;82.4;0.0
2001-10-30T00:00:00Z;-18.2;25.2;84.3;0.0
2001-10-31T00:00:00Z;-21.0;36.1;78.8;0.0
2001-11-01T00:00:00Z;-19.2;38.5;81.2;0.0
2001-11-02T00:00:00Z;-16.5;8.5;89.8;0.0
2001-11-03T00:00:00Z;-16.7;23.7;84.9;0.0
2001-11-04T00:00:00Z;-16.8;30.7;83.3;0.0
2001-11-05T00:00:00Z;-18.0;30.4;82.4;0.0
2001-11-06T00:00:00Z;-17.6;10.6;84.8;0.0
2001-11-07T00:00:00Z;-20.0;11.9;81.0;0.0
2001-11-08T00:00:00Z;-18.3;22.4;83.7;0.0
2001-11-09T00:00:00Z;-14.2;31.9;85.1;0.0
2001-11-10T00:00:00Z;-14.2;15.9;88.5;0.0
2001-11-11T00:00:00Z;-14.6;24.4;86.8;0.0
2001-11-12T00:00:00Z;-17.7;33.0;84.1;0.0
2001-11-13T00:00:00Z;-19.6;46.6;80.1;0.0
2001-11-14T00:00:00Z;-20.1;40.0;80.4;0.0
2001-11-15T00:00:00Z;-21.8;39.3;79.0;0.0
2001-11-16T00:00:00Z;-20.8;17.9;75.8;0.0
2001-11-17T00:00:00Z;-21.1;9.1;89.2;0.0
2001-11-18T00:00:00Z;-21.5;9.8;86.3;0.0
2001-11-19T00:00:00Z;-21.7;6.4;81.0;0.0
2001-11-20T00:00:00Z;-22.1;8.3;80.6;0.0
2001-11-21T00:00:00Z;-23.3;13.9;80.2;0.0
2001-11-22T00:00:00Z;-24.9;18.2;78.6;0.0
2001-11-23T00:00:00Z;-25.7;23.1;78.5;0.0
2001-11-24T00:00:00Z;-23.0;49.7;72.5;0.0
2001-11-25T00:00:00Z;-22.3;17.6;79.7;0.0
2001-11-26T00:00:00Z;-18.9;20.3;81.2;0.0
2001-11-27T00:00:00Z;-16.9;29.4;83.4;0.0
2001-11-28T00:00:00Z;-19.0;33.6;83.2;0.0
2001-11-29T00:00:00Z;-17.2;20.9;82.6;0.0
2001-11-30T00:00:00Z;-14.3;11.3;88.4;0.0
2001-12-01T00:00:00Z;-13.8;14.5;87.4;0.0
2001-12-02T00:00:00Z;-14.8;5.7;87.2;0.0
2001-12-03T00:00:00Z;-17.2;12.0;78.3;0.0
2001-12-04T00:00:00Z;-18.5;14.7;85.9;0.0
2001-12-05T00:00:00Z;-22.1;11.1;81.5;0.0
2001-12-06T00:00:00Z;-19.0;16.9;82.6;0.0
2001-12-07T00:00:00Z;-20.0;18.7;84.4;0.0
2001-12-08T00:00:00Z;-18.8;30.5;80.3;0.0
2001-12-09T00:00:00Z;-19.0;40.9;81.2;0.0
2001-12-10T00:00:00Z;-22.0;22.2;77.7;0.0
2001-12-11T00:00:00Z;-19.0;14.4;83.3;0.0
2001-12-12T00:00:00Z;-21.0;19.8;78.5;0.0
2001-12-13T00:00:00Z;-26.8;22.8;77.5;0.0
2001-12-14T00:00:00Z;-26.3;28.4;77.9;0.0
2001-12-15T00:00:00Z;-23.3;20.0;80.4;0.0
2001-12-16T00:00:00Z;-24.0;16.5;79.8;0.0
2001-12-17T00:00:00Z;-27.1;8.4;79.8;0.0
2001-12-18T00:00:00Z;-25.0;26.1;76.6;0.0
2001-12-19T00:00:00Z;-27.6;20.9;76.6;0.0
2001-12-20T00:00:00Z;-28.8;17.3;75.8;0.0
2001-12-21T00:00:00Z;-30.8;4.0;75.3;0.0
2001-12-22T00:00:00Z;-31.3;7.7;78.5;0.0
2001-12-23T00:00:00Z;-31.5;9.0;75.1;0.0
2001-12-24T00:00:00Z;-31.9;15.9;75.6;0.0
2001-12-25T00:00:00Z;-32.4;13.3;77.3;0.0
2001-12-26T00:00:00Z;-27.7;19.1;76.0;0.0
2001-12-27T00:00:00Z;-27.0;18.1;80.0;0.0
2001-12-28T00:00:00Z;-29.5;15.6;77.1;0.0
2001-12-29T00:00:00Z;-26.9;38.7;75.1;0.0
2001-12-30T00:00:00Z;-20.3;28.0;81.9;0.0
2001-12-31T00:00:00Z;-21.1;19.1;82.6;0.0
